NO;PENERBIT;JUDUL BUKU;BULAN;TAHUN;PENULIS;HARGA BRUTO;DISCOUNT;HARGA NETTO;QUANTITY JUAL;FACEBOOK MARKETING;INSTAGRAM MARKETING;TWITTER MARKETING;GENERAL PROMOTION;CANVASING;ECOMMERCE
1;GAGASMEDIA;SAMPLE JUDUL BUKU 93;3;2019;SAMPLE PENULIS 37;49800;1;49302;54;0;1;1;1;1;0
2;GAGASMEDIA;SAMPLE JUDUL BUKU 83;3;2019;SAMPLE PENULIS 30;41900;1;41481;19;0;0;0;0;0;0
3;GAGASMEDIA;SAMPLE JUDUL BUKU 44;5;2019;SAMPLE PENULIS 41;45200;4;43392;96;1;1;0;0;1;0
4;GAGASMEDIA;SAMPLE JUDUL BUKU 35;4;2019;SAMPLE PENULIS 41;32600;1;32274;43;0;1;0;1;0;0
5;GAGASMEDIA;SAMPLE JUDUL BUKU 18;9;2019;SAMPLE PENULIS 32;41500;5;39425;13;1;1;1;0;0;0
6;GAGASMEDIA;SAMPLE JUDUL BUKU 68;7;2019;SAMPLE PENULIS 20;25200;8;23184;90;0;1;0;0;1;0
7;GAGASMEDIA;SAMPLE JUDUL BUKU 24;8;2019;SAMPLE PENULIS 46;47100;1;46629;4;1;1;0;1;1;1
8;GAGASMEDIA;SAMPLE JUDUL BUKU 50;7;2019;SAMPLE PENULIS 25;13300;2;13034;16;1;0;0;0;0;0
9;GAGASMEDIA;SAMPLE JUDUL BUKU 66;8;2019;SAMPLE PENULIS 9;42600;6;40044;72;0;1;1;0;1;0
10;GAGASMEDIA;SAMPLE JUDUL BUKU 84;10;2019;SAMPLE PENULIS 19;46500;5;44175;3;1;1;0;0;0;1
11;GAGASMEDIA;SAMPLE JUDUL BUKU 15;3;2019;SAMPLE PENULIS 34;32500;1;32175;23;1;0;0;0;1;1
12;GAGASMEDIA;SAMPLE JUDUL BUKU 76;2;2019;SAMPLE PENULIS 4;22100;3;21437;82;1;0;1;0;0;0
13;GAGASMEDIA;SAMPLE JUDUL BUKU 63;7;2019;SAMPLE PENULIS 16;27400;8;25208;44;1;1;1;0;1;1
14;GAGASMEDIA;SAMPLE JUDUL BUKU 47;1;2019;SAMPLE PENULIS 21;56600;5;53770;50;1;1;0;1;1;0
15;GAGASMEDIA;SAMPLE JUDUL BUKU 5;7;2019;SAMPLE PENULIS 18;13100;10;11790;98;0;1;0;0;1;1
16;GAGASMEDIA;SAMPLE JUDUL BUKU 88;4;2019;SAMPLE PENULIS 46;40600;6;38164;6;0;0;0;0;1;0
17;GAGASMEDIA;SAMPLE JUDUL BUKU 11;4;2019;SAMPLE PENULIS 35;46600;6;43804;29;1;1;0;1;1;0
18;GAGASMEDIA;SAMPLE JUDUL BUKU 11;10;2019;SAMPLE PENULIS 11;22600;3;21922;1;0;0;0;1;1;0
19;GAGASMEDIA;SAMPLE JUDUL BUKU 77;6;2019;SAMPLE PENULIS 43;46800;4;44928;48;1;0;1;0;0;0
20;GAGASMEDIA;SAMPLE JUDUL BUKU 61;2;2019;SAMPLE PENULIS 3;28000;9;25480;17;0;1;1;1;0;0
21;GAGASMEDIA;SAMPLE JUDUL BUKU 80;8;2019;SAMPLE PENULIS 23;54400;6;51136;97;0;1;0;1;0;0
22;GAGASMEDIA;SAMPLE JUDUL BUKU 73;7;2019;SAMPLE PENULIS 46;58500;6;54990;88;1;1;0;0;1;1
23;GAGASMEDIA;SAMPLE JUDUL BUKU 93;3;2019;SAMPLE PENULIS 41;29000;9;26390;88;0;1;0;1;1;1
24;GAGASMEDIA;SAMPLE JUDUL BUKU 50;12;2019;SAMPLE PENULIS 14;32000;10;28800;44;0;0;1;1;0;1
25;GAGASMEDIA;SAMPLE JUDUL BUKU 9;10;2019;SAMPLE PENULIS 10;55200;1;54648;8;1;0;0;0;0;1
26;GAGASMEDIA;SAMPLE JUDUL BUKU 87;6;2019;SAMPLE PENULIS 9;24100;1;23859;68;0;0;1;1;0;1
27;GAGASMEDIA;SAMPLE JUDUL BUKU 5;12;2019;SAMPLE PENULIS 48;13600;10;12240;33;1;1;0;0;0;1
28;GAGASMEDIA;SAMPLE JUDUL BUKU 3;1;2019;SAMPLE PENULIS 43;19600;4;18816;40;1;1;1;1;1;1
29;GAGASMEDIA;SAMPLE JUDUL BUKU 11;8;2019;SAMPLE PENULIS 3;37400;3;36278;37;0;0;0;0;0;0
30;GAGASMEDIA;SAMPLE JUDUL BUKU 5;5;2019;SAMPLE PENULIS 45;55500;5;52725;82;0;1;0;0;0;1
31;GAGASMEDIA;SAMPLE JUDUL BUKU 40;9;2019;SAMPLE PENULIS 30;59300;1;58707;72;0;0;0;1;0;1
32;GAGASMEDIA;SAMPLE JUDUL BUKU 29;7;2019;SAMPLE PENULIS 45;29400;9;26754;69;1;0;0;1;1;1
33;GAGASMEDIA;SAMPLE JUDUL BUKU 12;3;2019;SAMPLE PENULIS 49;41900;6;39386;52;1;0;0;0;1;1
34;GAGASMEDIA;SAMPLE JUDUL BUKU 76;11;2019;SAMPLE PENULIS 33;32100;9;29211;89;0;0;0;0;1;1
35;GAGASMEDIA;SAMPLE JUDUL BUKU 36;6;2019;SAMPLE PENULIS 48;53400;2;52332;49;0;0;1;0;0;1
36;GAGASMEDIA;SAMPLE JUDUL BUKU 100;8;2019;SAMPLE PENULIS 43;53300;1;52767;39;1;1;0;1;1;0
37;GAGASMEDIA;SAMPLE JUDUL BUKU 99;3;2019;SAMPLE PENULIS 15;19400;10;17460;94;1;0;0;0;1;0
38;GAGASMEDIA;SAMPLE JUDUL BUKU 77;12;2019;SAMPLE PENULIS 26;19400;7;18042;51;1;1;0;1;1;0
39;GAGASMEDIA;SAMPLE JUDUL BUKU 51;5;2019;SAMPLE PENULIS 5;13900;2;13622;13;0;1;1;0;1;0
40;GAGASMEDIA;SAMPLE JUDUL BUKU 92;3;2019;SAMPLE PENULIS 11;61400;5;58330;99;1;1;0;0;0;1
41;GAGASMEDIA;SAMPLE JUDUL BUKU 37;4;2019;SAMPLE PENULIS 23;37700;4;36192;14;1;1;1;1;0;1
42;GAGASMEDIA;SAMPLE JUDUL BUKU 49;10;2019;SAMPLE PENULIS 35;58200;2;57036;53;0;0;0;0;1;0
43;GAGASMEDIA;SAMPLE JUDUL BUKU 77;8;2019;SAMPLE PENULIS 4;55800;5;53010;18;1;0;1;0;1;1
44;GAGASMEDIA;SAMPLE JUDUL BUKU 3;4;2019;SAMPLE PENULIS 10;37100;9;33761;51;1;1;1;1;0;0
45;GAGASMEDIA;SAMPLE JUDUL BUKU 1;8;2019;SAMPLE PENULIS 48;51400;6;48316;4;0;1;0;0;0;0
46;GAGASMEDIA;SAMPLE JUDUL BUKU 45;7;2019;SAMPLE PENULIS 3;53100;3;51507;57;0;1;0;0;1;1
47;GAGASMEDIA;SAMPLE JUDUL BUKU 85;12;2019;SAMPLE PENULIS 47;22700;1;22473;83;0;0;1;1;1;0
48;GAGASMEDIA;SAMPLE JUDUL BUKU 26;8;2019;SAMPLE PENULIS 49;34800;2;34104;48;1;0;1;0;1;1
49;GAGASMEDIA;SAMPLE JUDUL BUKU 50;11;2019;SAMPLE PENULIS 49;45100;2;44198;79;0;1;0;0;1;1
50;GAGASMEDIA;SAMPLE JUDUL BUKU 79;6;2019;SAMPLE PENULIS 39;29900;2;29302;53;1;0;1;1;0;0
51;GAGASMEDIA;SAMPLE JUDUL BUKU 82;9;2019;SAMPLE PENULIS 38;23500;7;21855;43;0;1;1;0;0;1
52;GAGASMEDIA;SAMPLE JUDUL BUKU 67;3;2019;SAMPLE PENULIS 23;15600;5;14820;93;1;0;1;1;0;1
53;GAGASMEDIA;SAMPLE JUDUL BUKU 57;9;2019;SAMPLE PENULIS 18;19800;5;18810;48;1;1;0;1;0;0
54;GAGASMEDIA;SAMPLE JUDUL BUKU 33;4;2019;SAMPLE PENULIS 1;21300;1;21087;28;0;0;1;1;1;1
55;GAGASMEDIA;SAMPLE JUDUL BUKU 74;3;2019;SAMPLE PENULIS 34;35500;7;33015;11;1;1;1;0;0;0
56;GAGASMEDIA;SAMPLE JUDUL BUKU 19;9;2019;SAMPLE PENULIS 49;28700;5;27265;82;0;1;1;0;1;0
57;GAGASMEDIA;SAMPLE JUDUL BUKU 39;5;2019;SAMPLE PENULIS 22;24400;5;23180;41;0;1;1;0;1;0
58;GAGASMEDIA;SAMPLE JUDUL BUKU 72;12;2019;SAMPLE PENULIS 1;29400;8;27048;66;1;0;1;0;1;0
59;GAGASMEDIA;SAMPLE JUDUL BUKU 8;5;2019;SAMPLE PENULIS 34;45800;1;45342;8;1;1;0;0;1;0
60;GAGASMEDIA;SAMPLE JUDUL BUKU 27;10;2019;SAMPLE PENULIS 22;38900;5;36955;35;1;1;0;1;1;1
61;GAGASMEDIA;SAMPLE JUDUL BUKU 63;8;2019;SAMPLE PENULIS 2;53000;4;50880;40;1;0;1;1;0;0
62;GAGASMEDIA;SAMPLE JUDUL BUKU 53;4;2019;SAMPLE PENULIS 22;28600;5;27170;48;0;1;1;1;1;0
63;GAGASMEDIA;SAMPLE JUDUL BUKU 8;9;2019;SAMPLE PENULIS 25;36300;7;33759;58;1;1;1;0;1;1
64;GAGASMEDIA;SAMPLE JUDUL BUKU 28;12;2019;SAMPLE PENULIS 38;32000;1;31680;56;1;1;0;0;1;1
65;GAGASMEDIA;SAMPLE JUDUL BUKU 87;3;2019;SAMPLE PENULIS 11;38800;10;34920;78;0;1;0;1;1;1
66;GAGASMEDIA;SAMPLE JUDUL BUKU 67;11;2019;SAMPLE PENULIS 22;32300;7;30039;95;1;1;0;1;1;0
67;GAGASMEDIA;SAMPLE JUDUL BUKU 84;10;2019;SAMPLE PENULIS 44;29800;6;28012;8;1;1;1;1;1;1
68;GAGASMEDIA;SAMPLE JUDUL BUKU 55;12;2019;SAMPLE PENULIS 20;36500;5;34675;36;1;0;1;1;1;0
69;GAGASMEDIA;SAMPLE JUDUL BUKU 58;8;2019;SAMPLE PENULIS 14;59600;9;54236;62;1;1;0;0;1;1
70;GAGASMEDIA;SAMPLE JUDUL BUKU 92;8;2019;SAMPLE PENULIS 13;37300;7;34689;32;1;0;0;0;1;1
71;GAGASMEDIA;SAMPLE JUDUL BUKU 53;4;2019;SAMPLE PENULIS 6;49300;1;48807;8;0;0;0;0;0;1
72;GAGASMEDIA;SAMPLE JUDUL BUKU 48;2;2019;SAMPLE PENULIS 30;62800;1;62172;33;0;0;0;0;1;1
73;GAGASMEDIA;SAMPLE JUDUL BUKU 93;1;2019;SAMPLE PENULIS 12;30200;4;28992;34;1;1;0;1;1;1
74;GAGASMEDIA;SAMPLE JUDUL BUKU 49;1;2019;SAMPLE PENULIS 9;33500;7;31155;83;1;0;1;0;1;1
75;GAGASMEDIA;SAMPLE JUDUL BUKU 88;12;2019;SAMPLE PENULIS 9;52000;9;47320;3;1;1;1;0;1;1
76;GAGASMEDIA;SAMPLE JUDUL BUKU 31;7;2019;SAMPLE PENULIS 49;42200;1;41778;35;0;1;1;0;0;1
77;GAGASMEDIA;SAMPLE JUDUL BUKU 84;10;2019;SAMPLE PENULIS 13;36100;8;33212;9;0;0;0;0;1;0
78;GAGASMEDIA;SAMPLE JUDUL BUKU 75;6;2019;SAMPLE PENULIS 20;63400;10;57060;73;1;1;0;1;0;1
79;GAGASMEDIA;SAMPLE JUDUL BUKU 94;10;2019;SAMPLE PENULIS 43;48700;3;47239;20;1;1;0;0;1;1
80;GAGASMEDIA;SAMPLE JUDUL BUKU 21;3;2019;SAMPLE PENULIS 49;13200;1;13068;88;0;1;0;1;1;0
81;GAGASMEDIA;SAMPLE JUDUL BUKU 42;12;2019;SAMPLE PENULIS 6;45300;2;44394;31;1;1;0;0;1;0
82;GAGASMEDIA;SAMPLE JUDUL BUKU 54;1;2019;SAMPLE PENULIS 19;54800;6;51512;51;1;1;1;0;0;1
83;GAGASMEDIA;SAMPLE JUDUL BUKU 72;9;2019;SAMPLE PENULIS 38;63600;1;62964;19;1;0;1;1;0;1
84;GAGASMEDIA;SAMPLE JUDUL BUKU 20;8;2019;SAMPLE PENULIS 36;56000;6;52640;39;1;0;1;0;1;0
85;GAGASMEDIA;SAMPLE JUDUL BUKU 54;5;2019;SAMPLE PENULIS 43;48700;7;45291;83;1;0;1;1;1;0
86;GAGASMEDIA;SAMPLE JUDUL BUKU 78;11;2019;SAMPLE PENULIS 16;42900;4;41184;13;1;1;0;0;0;1
87;GAGASMEDIA;SAMPLE JUDUL BUKU 63;2;2019;SAMPLE PENULIS 10;16200;8;14904;23;0;1;0;1;0;0
88;GAGASMEDIA;SAMPLE JUDUL BUKU 78;2;2019;SAMPLE PENULIS 2;15400;5;14630;41;1;1;1;0;1;1
89;GAGASMEDIA;SAMPLE JUDUL BUKU 55;4;2019;SAMPLE PENULIS 6;49700;10;44730;2;0;1;1;0;1;1
90;GAGASMEDIA;SAMPLE JUDUL BUKU 81;10;2019;SAMPLE PENULIS 26;51700;7;48081;98;0;0;0;1;1;0
91;GAGASMEDIA;SAMPLE JUDUL BUKU 56;6;2019;SAMPLE PENULIS 18;43900;10;39510;29;0;1;0;1;1;1
92;GAGASMEDIA;SAMPLE JUDUL BUKU 8;10;2019;SAMPLE PENULIS 28;38100;9;34671;64;0;1;0;1;1;0
93;GAGASMEDIA;SAMPLE JUDUL BUKU 64;10;2019;SAMPLE PENULIS 5;31500;9;28665;50;1;1;0;0;1;0
94;GAGASMEDIA;SAMPLE JUDUL BUKU 50;5;2019;SAMPLE PENULIS 47;59500;10;53550;76;1;0;1;0;0;0
95;GAGASMEDIA;SAMPLE JUDUL BUKU 40;3;2019;SAMPLE PENULIS 39;18900;5;17955;5;0;0;1;0;1;0
96;GAGASMEDIA;SAMPLE JUDUL BUKU 59;2;2019;SAMPLE PENULIS 9;25600;5;24320;17;1;0;1;1;0;1
97;GAGASMEDIA;SAMPLE JUDUL BUKU 79;3;2019;SAMPLE PENULIS 34;20300;4;19488;76;1;1;1;0;0;1
98;GAGASMEDIA;SAMPLE JUDUL BUKU 100;7;2019;SAMPLE PENULIS 9;43400;2;42532;71;0;1;0;1;0;0
99;GAGASMEDIA;SAMPLE JUDUL BUKU 82;11;2019;SAMPLE PENULIS 32;23800;3;23086;4;0;1;1;1;0;0
100;GAGASMEDIA;SAMPLE JUDUL BUKU 17;12;2019;SAMPLE PENULIS 49;59100;5;56145;94;0;0;0;1;1;1
101;GAGASMEDIA;SAMPLE JUDUL BUKU 17;3;2019;SAMPLE PENULIS 4;16800;8;15456;66;1;1;1;0;0;1
102;GAGASMEDIA;SAMPLE JUDUL BUKU 59;2;2019;SAMPLE PENULIS 33;23800;2;23324;89;1;1;0;0;0;0
103;GAGASMEDIA;SAMPLE JUDUL BUKU 56;12;2019;SAMPLE PENULIS 28;25200;6;23688;68;1;0;0;0;1;1
104;GAGASMEDIA;SAMPLE JUDUL BUKU 16;2;2019;SAMPLE PENULIS 14;18300;5;17385;4;0;0;1;0;0;0
105;GAGASMEDIA;SAMPLE JUDUL BUKU 3;9;2019;SAMPLE PENULIS 23;58600;1;58014;37;1;0;1;0;1;1
106;GAGASMEDIA;SAMPLE JUDUL BUKU 10;1;2019;SAMPLE PENULIS 11;54100;6;50854;60;0;1;1;0;1;1
107;GAGASMEDIA;SAMPLE JUDUL BUKU 35;5;2019;SAMPLE PENULIS 12;12800;1;12672;77;1;1;1;0;1;0
108;GAGASMEDIA;SAMPLE JUDUL BUKU 40;8;2019;SAMPLE PENULIS 44;13000;9;11830;33;1;1;1;0;1;0
109;GAGASMEDIA;SAMPLE JUDUL BUKU 55;9;2019;SAMPLE PENULIS 6;61600;1;60984;38;0;1;0;1;0;0
110;GAGASMEDIA;SAMPLE JUDUL BUKU 65;4;2019;SAMPLE PENULIS 13;56300;4;54048;56;1;0;0;0;1;0
111;GAGASMEDIA;SAMPLE JUDUL BUKU 91;9;2019;SAMPLE PENULIS 37;20400;9;18564;53;0;0;1;0;1;1
112;GAGASMEDIA;SAMPLE JUDUL BUKU 41;6;2019;SAMPLE PENULIS 2;32200;8;29624;21;0;0;0;0;1;1
113;GAGASMEDIA;SAMPLE JUDUL BUKU 22;11;2019;SAMPLE PENULIS 50;46000;10;41400;47;1;1;0;1;1;0
114;GAGASMEDIA;SAMPLE JUDUL BUKU 98;9;2019;SAMPLE PENULIS 17;60100;3;58297;79;1;0;1;1;1;0
115;GAGASMEDIA;SAMPLE JUDUL BUKU 42;12;2019;SAMPLE PENULIS 13;41100;7;38223;82;0;1;1;0;0;1
116;GAGASMEDIA;SAMPLE JUDUL BUKU 51;5;2019;SAMPLE PENULIS 39;52100;10;46890;100;0;0;0;1;0;1
117;GAGASMEDIA;SAMPLE JUDUL BUKU 91;5;2019;SAMPLE PENULIS 20;53300;3;51701;3;1;0;0;0;1;0
118;GAGASMEDIA;SAMPLE JUDUL BUKU 11;7;2019;SAMPLE PENULIS 7;58900;3;57133;23;1;1;1;1;0;0
119;GAGASMEDIA;SAMPLE JUDUL BUKU 50;12;2019;SAMPLE PENULIS 27;13500;6;12690;47;1;0;0;1;1;0
120;GAGASMEDIA;SAMPLE JUDUL BUKU 10;2;2019;SAMPLE PENULIS 40;48400;4;46464;59;1;0;1;1;1;0
121;GAGASMEDIA;SAMPLE JUDUL BUKU 13;12;2019;SAMPLE PENULIS 11;55300;8;50876;35;0;0;1;0;1;0
122;GAGASMEDIA;SAMPLE JUDUL BUKU 47;3;2019;SAMPLE PENULIS 18;38200;5;36290;86;1;1;0;1;0;1
123;GAGASMEDIA;SAMPLE JUDUL BUKU 13;8;2019;SAMPLE PENULIS 47;30900;4;29664;56;0;0;0;0;1;1
124;GAGASMEDIA;SAMPLE JUDUL BUKU 38;4;2019;SAMPLE PENULIS 22;28700;1;28413;75;0;1;0;0;1;0
125;GAGASMEDIA;SAMPLE JUDUL BUKU 3;9;2019;SAMPLE PENULIS 1;49000;6;46060;72;1;0;1;1;0;1
126;GAGASMEDIA;SAMPLE JUDUL BUKU 28;12;2019;SAMPLE PENULIS 29;13500;1;13365;69;0;0;0;1;0;0
127;GAGASMEDIA;SAMPLE JUDUL BUKU 4;8;2019;SAMPLE PENULIS 28;59400;2;58212;15;1;1;0;1;1;0
128;GAGASMEDIA;SAMPLE JUDUL BUKU 55;1;2019;SAMPLE PENULIS 20;26100;1;25839;55;0;0;1;1;0;1
129;GAGASMEDIA;SAMPLE JUDUL BUKU 62;4;2019;SAMPLE PENULIS 37;43000;1;42570;8;1;1;1;0;1;1
130;GAGASMEDIA;SAMPLE JUDUL BUKU 30;8;2019;SAMPLE PENULIS 39;61000;8;56120;72;1;0;1;0;1;0
131;GAGASMEDIA;SAMPLE JUDUL BUKU 54;11;2019;SAMPLE PENULIS 21;38400;1;38016;90;0;0;1;0;1;1
132;GAGASMEDIA;SAMPLE JUDUL BUKU 18;7;2019;SAMPLE PENULIS 50;21200;1;20988;64;1;1;1;1;0;1
133;GAGASMEDIA;SAMPLE JUDUL BUKU 86;5;2019;SAMPLE PENULIS 22;63000;6;59220;11;1;1;0;0;0;1
134;GAGASMEDIA;SAMPLE JUDUL BUKU 96;1;2019;SAMPLE PENULIS 20;47800;5;45410;77;1;0;0;0;0;0
135;GAGASMEDIA;SAMPLE JUDUL BUKU 12;3;2019;SAMPLE PENULIS 31;19200;3;18624;10;1;1;0;0;1;1
136;GAGASMEDIA;SAMPLE JUDUL BUKU 35;6;2019;SAMPLE PENULIS 46;45400;1;44946;69;0;1;0;1;1;0
137;GAGASMEDIA;SAMPLE JUDUL BUKU 77;11;2019;SAMPLE PENULIS 23;63400;5;60230;57;1;0;0;1;0;1
138;GAGASMEDIA;SAMPLE JUDUL BUKU 26;5;2019;SAMPLE PENULIS 10;25700;3;24929;54;1;0;1;0;1;1
139;GAGASMEDIA;SAMPLE JUDUL BUKU 64;6;2019;SAMPLE PENULIS 17;15500;1;15345;36;1;1;1;1;1;0
140;GAGASMEDIA;SAMPLE JUDUL BUKU 48;2;2019;SAMPLE PENULIS 45;60300;1;59697;10;1;0;1;1;0;1
141;GAGASMEDIA;SAMPLE JUDUL BUKU 86;12;2019;SAMPLE PENULIS 13;42400;10;38160;51;0;1;0;1;1;1
142;GAGASMEDIA;SAMPLE JUDUL BUKU 9;11;2019;SAMPLE PENULIS 3;25300;5;24035;71;1;1;1;1;1;1
143;GAGASMEDIA;SAMPLE JUDUL BUKU 16;2;2019;SAMPLE PENULIS 42;44600;1;44154;72;0;0;1;1;1;1
144;GAGASMEDIA;SAMPLE JUDUL BUKU 81;9;2019;SAMPLE PENULIS 14;46000;6;43240;24;1;0;0;0;1;0
145;GAGASMEDIA;SAMPLE JUDUL BUKU 3;2;2019;SAMPLE PENULIS 28;43800;3;42486;100;0;1;0;1;0;1
146;GAGASMEDIA;SAMPLE JUDUL BUKU 34;3;2019;SAMPLE PENULIS 23;29600;1;29304;78;0;1;1;1;0;1
147;GAGASMEDIA;SAMPLE JUDUL BUKU 65;9;2019;SAMPLE PENULIS 2;63100;2;61838;9;1;1;1;0;1;1
148;GAGASMEDIA;SAMPLE JUDUL BUKU 17;5;2019;SAMPLE PENULIS 33;19500;6;18330;70;0;1;0;0;1;0
149;GAGASMEDIA;SAMPLE JUDUL BUKU 70;12;2019;SAMPLE PENULIS 30;50500;5;47975;69;1;0;0;0;1;1
150;GAGASMEDIA;SAMPLE JUDUL BUKU 57;4;2019;SAMPLE PENULIS 14;35900;5;34105;100;1;1;1;0;1;1
151;GAGASMEDIA;SAMPLE JUDUL BUKU 61;11;2019;SAMPLE PENULIS 2;60900;10;54810;86;1;1;0;0;0;0
152;GAGASMEDIA;SAMPLE JUDUL BUKU 45;12;2019;SAMPLE PENULIS 47;54700;3;53059;96;1;1;0;1;0;0
153;GAGASMEDIA;SAMPLE JUDUL BUKU 83;10;2019;SAMPLE PENULIS 29;27600;3;26772;45;0;1;1;1;1;0
154;GAGASMEDIA;SAMPLE JUDUL BUKU 51;1;2019;SAMPLE PENULIS 11;50100;8;46092;95;1;0;0;1;1;0
155;GAGASMEDIA;SAMPLE JUDUL BUKU 80;4;2019;SAMPLE PENULIS 2;50800;4;48768;50;1;0;0;1;1;1
156;GAGASMEDIA;SAMPLE JUDUL BUKU 30;9;2019;SAMPLE PENULIS 38;15800;3;15326;28;1;1;0;0;1;1
157;GAGASMEDIA;SAMPLE JUDUL BUKU 98;4;2019;SAMPLE PENULIS 25;40000;2;39200;34;1;1;0;0;0;0
158;GAGASMEDIA;SAMPLE JUDUL BUKU 77;9;2019;SAMPLE PENULIS 7;37700;6;35438;63;1;1;0;1;1;0
159;GAGASMEDIA;SAMPLE JUDUL BUKU 98;2;2019;SAMPLE PENULIS 41;29200;4;28032;10;0;0;1;1;0;0
160;GAGASMEDIA;SAMPLE JUDUL BUKU 59;4;2019;SAMPLE PENULIS 22;44800;7;41664;37;0;1;0;1;1;1
161;GAGASMEDIA;SAMPLE JUDUL BUKU 94;10;2019;SAMPLE PENULIS 40;58600;9;53326;61;1;1;1;0;1;1
162;GAGASMEDIA;SAMPLE JUDUL BUKU 71;11;2019;SAMPLE PENULIS 28;51300;2;50274;98;1;1;1;1;0;0
163;GAGASMEDIA;SAMPLE JUDUL BUKU 24;2;2019;SAMPLE PENULIS 21;30400;8;27968;47;1;0;0;1;1;1
164;GAGASMEDIA;SAMPLE JUDUL BUKU 26;6;2019;SAMPLE PENULIS 22;46000;3;44620;69;0;0;1;0;1;0
165;GAGASMEDIA;SAMPLE JUDUL BUKU 33;6;2019;SAMPLE PENULIS 21;17900;4;17184;27;1;0;0;1;0;0
166;GAGASMEDIA;SAMPLE JUDUL BUKU 98;2;2019;SAMPLE PENULIS 10;18700;3;18139;11;0;1;0;1;0;0
167;GAGASMEDIA;SAMPLE JUDUL BUKU 14;6;2019;SAMPLE PENULIS 11;51000;2;49980;23;1;1;0;1;1;0
168;GAGASMEDIA;SAMPLE JUDUL BUKU 72;2;2019;SAMPLE PENULIS 23;38400;8;35328;65;1;0;1;0;1;1
169;GAGASMEDIA;SAMPLE JUDUL BUKU 24;7;2019;SAMPLE PENULIS 8;60700;8;55844;63;0;1;1;1;0;0
170;GAGASMEDIA;SAMPLE JUDUL BUKU 29;1;2019;SAMPLE PENULIS 21;34400;1;34056;60;0;0;0;1;0;1
171;GAGASMEDIA;SAMPLE JUDUL BUKU 43;8;2019;SAMPLE PENULIS 43;23400;9;21294;90;0;0;0;1;1;0
172;GAGASMEDIA;SAMPLE JUDUL BUKU 80;10;2019;SAMPLE PENULIS 42;37000;4;35520;18;1;1;0;1;1;1
173;GAGASMEDIA;SAMPLE JUDUL BUKU 25;5;2019;SAMPLE PENULIS 19;19900;2;19502;59;0;0;1;0;0;1
174;GAGASMEDIA;SAMPLE JUDUL BUKU 58;5;2019;SAMPLE PENULIS 14;23400;2;22932;88;1;1;1;0;1;1
175;GAGASMEDIA;SAMPLE JUDUL BUKU 1;4;2019;SAMPLE PENULIS 33;24800;2;24304;80;0;0;0;0;0;1
176;GAGASMEDIA;SAMPLE JUDUL BUKU 87;7;2019;SAMPLE PENULIS 8;14900;4;14304;76;0;1;0;0;1;1
177;GAGASMEDIA;SAMPLE JUDUL BUKU 94;4;2019;SAMPLE PENULIS 33;31300;9;28483;86;0;0;0;1;1;0
178;GAGASMEDIA;SAMPLE JUDUL BUKU 95;9;2019;SAMPLE PENULIS 13;25700;7;23901;11;1;0;0;1;0;1
179;GAGASMEDIA;SAMPLE JUDUL BUKU 58;9;2019;SAMPLE PENULIS 20;23300;9;21203;46;0;1;1;0;0;1
180;GAGASMEDIA;SAMPLE JUDUL BUKU 30;1;2019;SAMPLE PENULIS 16;39600;5;37620;45;0;0;1;1;0;0
181;GAGASMEDIA;SAMPLE JUDUL BUKU 12;12;2019;SAMPLE PENULIS 37;17300;6;16262;42;0;0;0;0;1;0
182;GAGASMEDIA;SAMPLE JUDUL BUKU 16;11;2019;SAMPLE PENULIS 39;57100;2;55958;26;1;1;0;1;1;0
183;GAGASMEDIA;SAMPLE JUDUL BUKU 57;4;2019;SAMPLE PENULIS 11;27100;9;24661;48;0;0;1;0;0;0
184;GAGASMEDIA;SAMPLE JUDUL BUKU 2;10;2019;SAMPLE PENULIS 30;39300;3;38121;15;1;0;0;1;1;1
185;GAGASMEDIA;SAMPLE JUDUL BUKU 52;2;2019;SAMPLE PENULIS 47;47100;9;42861;62;0;1;0;1;0;0
186;GAGASMEDIA;SAMPLE JUDUL BUKU 87;10;2019;SAMPLE PENULIS 4;47500;4;45600;97;0;0;0;1;1;1
187;GAGASMEDIA;SAMPLE JUDUL BUKU 57;1;2019;SAMPLE PENULIS 4;17400;7;16182;46;1;1;0;0;1;0
188;GAGASMEDIA;SAMPLE JUDUL BUKU 45;2;2019;SAMPLE PENULIS 30;57300;5;54435;34;0;0;1;1;0;0
189;GAGASMEDIA;SAMPLE JUDUL BUKU 73;12;2019;SAMPLE PENULIS 49;62300;10;56070;77;1;0;0;0;1;0
190;GAGASMEDIA;SAMPLE JUDUL BUKU 34;7;2019;SAMPLE PENULIS 40;30800;5;29260;15;1;1;0;1;0;1
191;GAGASMEDIA;SAMPLE JUDUL BUKU 65;3;2019;SAMPLE PENULIS 46;48500;3;47045;56;0;0;1;0;0;1
192;GAGASMEDIA;SAMPLE JUDUL BUKU 60;11;2019;SAMPLE PENULIS 16;39200;2;38416;52;1;1;1;1;0;0
193;GAGASMEDIA;SAMPLE JUDUL BUKU 95;10;2019;SAMPLE PENULIS 17;46100;7;42873;91;1;1;0;1;0;0
194;GAGASMEDIA;SAMPLE JUDUL BUKU 11;6;2019;SAMPLE PENULIS 30;33200;7;30876;52;0;0;0;0;1;0
195;GAGASMEDIA;SAMPLE JUDUL BUKU 77;10;2019;SAMPLE PENULIS 23;17400;3;16878;15;1;0;0;1;1;1
196;GAGASMEDIA;SAMPLE JUDUL BUKU 91;8;2019;SAMPLE PENULIS 4;59800;7;55614;10;1;1;1;0;0;0
197;GAGASMEDIA;SAMPLE JUDUL BUKU 18;12;2019;SAMPLE PENULIS 14;17800;7;16554;68;0;1;1;1;1;0
198;GAGASMEDIA;SAMPLE JUDUL BUKU 97;3;2019;SAMPLE PENULIS 28;37800;8;34776;20;0;0;0;1;1;0
199;GAGASMEDIA;SAMPLE JUDUL BUKU 1;5;2019;SAMPLE PENULIS 25;39400;3;38218;14;0;1;0;0;0;1
200;GAGASMEDIA;SAMPLE JUDUL BUKU 59;5;2019;SAMPLE PENULIS 38;56300;5;53485;92;0;0;0;1;1;0
201;GAGASMEDIA;SAMPLE JUDUL BUKU 35;4;2019;SAMPLE PENULIS 14;42000;3;40740;65;0;0;1;1;1;0
202;GAGASMEDIA;SAMPLE JUDUL BUKU 76;3;2019;SAMPLE PENULIS 39;22700;3;22019;84;0;1;1;1;0;0
203;GAGASMEDIA;SAMPLE JUDUL BUKU 65;3;2019;SAMPLE PENULIS 50;15100;8;13892;17;1;0;1;1;0;0
204;GAGASMEDIA;SAMPLE JUDUL BUKU 73;2;2019;SAMPLE PENULIS 6;47200;4;45312;9;1;0;0;0;1;0
205;GAGASMEDIA;SAMPLE JUDUL BUKU 35;9;2019;SAMPLE PENULIS 34;49000;5;46550;8;1;1;0;0;0;0
206;GAGASMEDIA;SAMPLE JUDUL BUKU 41;11;2019;SAMPLE PENULIS 6;48900;2;47922;98;0;0;0;0;0;0
207;GAGASMEDIA;SAMPLE JUDUL BUKU 64;6;2019;SAMPLE PENULIS 14;62600;1;61974;59;1;0;0;0;0;1
208;GAGASMEDIA;SAMPLE JUDUL BUKU 40;10;2019;SAMPLE PENULIS 13;27000;3;26190;39;1;1;1;0;1;1
209;GAGASMEDIA;SAMPLE JUDUL BUKU 73;1;2019;SAMPLE PENULIS 4;37800;10;34020;66;0;0;0;0;1;1
210;GAGASMEDIA;SAMPLE JUDUL BUKU 14;4;2019;SAMPLE PENULIS 43;44900;6;42206;27;1;1;0;0;0;0
211;GAGASMEDIA;SAMPLE JUDUL BUKU 53;7;2019;SAMPLE PENULIS 22;31300;3;30361;6;0;1;1;1;1;1
212;GAGASMEDIA;SAMPLE JUDUL BUKU 14;6;2019;SAMPLE PENULIS 44;24600;1;24354;15;1;0;1;0;0;1
213;GAGASMEDIA;SAMPLE JUDUL BUKU 12;10;2019;SAMPLE PENULIS 49;54800;2;53704;81;0;1;0;0;0;0
214;GAGASMEDIA;SAMPLE JUDUL BUKU 71;2;2019;SAMPLE PENULIS 21;43100;8;39652;80;0;1;1;1;1;1
215;GAGASMEDIA;SAMPLE JUDUL BUKU 95;3;2019;SAMPLE PENULIS 21;27900;1;27621;53;1;1;0;0;1;0
216;GAGASMEDIA;SAMPLE JUDUL BUKU 13;6;2019;SAMPLE PENULIS 13;28000;8;25760;33;1;1;1;1;0;0
217;GAGASMEDIA;SAMPLE JUDUL BUKU 26;3;2019;SAMPLE PENULIS 42;38200;4;36672;25;1;0;0;0;1;0
218;GAGASMEDIA;SAMPLE JUDUL BUKU 19;11;2019;SAMPLE PENULIS 2;30400;5;28880;80;1;0;1;1;0;0
219;GAGASMEDIA;SAMPLE JUDUL BUKU 12;8;2019;SAMPLE PENULIS 28;36300;7;33759;63;0;1;0;0;0;0
220;GAGASMEDIA;SAMPLE JUDUL BUKU 75;2;2019;SAMPLE PENULIS 2;44500;4;42720;74;0;1;0;0;0;0
221;GAGASMEDIA;SAMPLE JUDUL BUKU 8;2;2019;SAMPLE PENULIS 50;42700;1;42273;53;0;1;1;1;1;1
222;GAGASMEDIA;SAMPLE JUDUL BUKU 4;6;2019;SAMPLE PENULIS 4;44100;4;42336;50;0;1;1;1;0;1
223;GAGASMEDIA;SAMPLE JUDUL BUKU 93;9;2019;SAMPLE PENULIS 40;28900;7;26877;74;1;0;0;0;1;1
224;GAGASMEDIA;SAMPLE JUDUL BUKU 85;11;2019;SAMPLE PENULIS 43;61100;6;57434;7;1;1;0;0;1;0
225;GAGASMEDIA;SAMPLE JUDUL BUKU 80;8;2019;SAMPLE PENULIS 42;62000;9;56420;2;0;0;0;1;1;1
226;GAGASMEDIA;SAMPLE JUDUL BUKU 17;5;2019;SAMPLE PENULIS 5;41300;8;37996;36;1;1;1;1;1;0
227;GAGASMEDIA;SAMPLE JUDUL BUKU 78;11;2019;SAMPLE PENULIS 18;35400;5;33630;100;0;0;0;0;1;0
228;GAGASMEDIA;SAMPLE JUDUL BUKU 71;10;2019;SAMPLE PENULIS 23;37000;9;33670;46;0;0;0;1;1;0
229;GAGASMEDIA;SAMPLE JUDUL BUKU 61;2;2019;SAMPLE PENULIS 8;40300;6;37882;68;1;1;0;0;0;0
230;GAGASMEDIA;SAMPLE JUDUL BUKU 44;8;2019;SAMPLE PENULIS 45;20900;9;19019;88;1;1;0;1;1;1
231;GAGASMEDIA;SAMPLE JUDUL BUKU 27;12;2019;SAMPLE PENULIS 39;15200;8;13984;93;0;0;0;0;1;0
232;GAGASMEDIA;SAMPLE JUDUL BUKU 57;7;2019;SAMPLE PENULIS 13;48000;2;47040;84;1;1;0;0;0;1
233;GAGASMEDIA;SAMPLE JUDUL BUKU 48;11;2019;SAMPLE PENULIS 27;52200;4;50112;65;1;1;0;0;1;1
234;GAGASMEDIA;SAMPLE JUDUL BUKU 2;6;2019;SAMPLE PENULIS 6;60400;5;57380;87;1;1;0;0;0;1
235;GAGASMEDIA;SAMPLE JUDUL BUKU 66;11;2019;SAMPLE PENULIS 5;45500;7;42315;66;0;0;1;0;0;1
236;GAGASMEDIA;SAMPLE JUDUL BUKU 47;7;2019;SAMPLE PENULIS 47;26600;3;25802;59;0;0;0;0;1;1
237;GAGASMEDIA;SAMPLE JUDUL BUKU 59;7;2019;SAMPLE PENULIS 50;43600;4;41856;17;1;1;0;1;0;0
238;GAGASMEDIA;SAMPLE JUDUL BUKU 31;11;2019;SAMPLE PENULIS 30;23800;2;23324;12;0;1;0;1;1;0
239;GAGASMEDIA;SAMPLE JUDUL BUKU 78;6;2019;SAMPLE PENULIS 29;60100;3;58297;88;0;1;1;1;1;1
240;GAGASMEDIA;SAMPLE JUDUL BUKU 69;4;2019;SAMPLE PENULIS 16;22900;1;22671;98;0;1;1;1;1;1
241;GAGASMEDIA;SAMPLE JUDUL BUKU 15;4;2019;SAMPLE PENULIS 4;46400;7;43152;21;0;1;1;1;0;1
242;GAGASMEDIA;SAMPLE JUDUL BUKU 6;3;2019;SAMPLE PENULIS 28;35000;7;32550;29;1;1;0;0;1;1
243;GAGASMEDIA;SAMPLE JUDUL BUKU 72;10;2019;SAMPLE PENULIS 7;61800;7;57474;58;1;0;1;1;1;1
244;GAGASMEDIA;SAMPLE JUDUL BUKU 80;1;2019;SAMPLE PENULIS 18;47500;1;47025;39;0;1;1;1;1;0
245;GAGASMEDIA;SAMPLE JUDUL BUKU 77;4;2019;SAMPLE PENULIS 28;47400;5;45030;61;1;0;0;0;0;0
246;GAGASMEDIA;SAMPLE JUDUL BUKU 11;8;2019;SAMPLE PENULIS 23;43400;8;39928;85;0;1;0;0;1;1
247;GAGASMEDIA;SAMPLE JUDUL BUKU 79;4;2019;SAMPLE PENULIS 31;35700;2;34986;77;0;1;0;0;0;1
248;GAGASMEDIA;SAMPLE JUDUL BUKU 55;8;2019;SAMPLE PENULIS 13;14300;8;13156;35;1;1;0;1;1;1
249;GAGASMEDIA;SAMPLE JUDUL BUKU 41;8;2019;SAMPLE PENULIS 48;45100;8;41492;80;0;1;0;0;1;1
250;GAGASMEDIA;SAMPLE JUDUL BUKU 79;3;2019;SAMPLE PENULIS 24;44300;2;43414;60;1;0;0;0;1;0
251;GAGASMEDIA;SAMPLE JUDUL BUKU 40;7;2019;SAMPLE PENULIS 9;28900;5;27455;6;0;0;1;1;0;0
252;GAGASMEDIA;SAMPLE JUDUL BUKU 61;3;2019;SAMPLE PENULIS 43;48900;7;45477;11;1;1;0;1;1;0
253;GAGASMEDIA;SAMPLE JUDUL BUKU 29;8;2019;SAMPLE PENULIS 14;30000;5;28500;53;1;1;1;1;1;0
254;GAGASMEDIA;SAMPLE JUDUL BUKU 57;9;2019;SAMPLE PENULIS 43;29500;2;28910;99;0;1;0;1;1;1
255;GAGASMEDIA;SAMPLE JUDUL BUKU 51;4;2019;SAMPLE PENULIS 22;63100;5;59945;19;1;1;1;0;1;1
256;GAGASMEDIA;SAMPLE JUDUL BUKU 88;3;2019;SAMPLE PENULIS 20;28400;4;27264;1;1;1;0;0;1;0
257;GAGASMEDIA;SAMPLE JUDUL BUKU 7;2;2019;SAMPLE PENULIS 13;25700;7;23901;96;0;1;0;0;1;1
258;GAGASMEDIA;SAMPLE JUDUL BUKU 21;8;2019;SAMPLE PENULIS 27;32500;9;29575;70;0;0;1;0;1;1
259;GAGASMEDIA;SAMPLE JUDUL BUKU 93;5;2019;SAMPLE PENULIS 42;61100;9;55601;97;1;1;1;0;0;1
260;GAGASMEDIA;SAMPLE JUDUL BUKU 29;8;2019;SAMPLE PENULIS 24;65300;2;63994;51;1;0;0;0;0;0
261;GAGASMEDIA;SAMPLE JUDUL BUKU 72;12;2019;SAMPLE PENULIS 41;53200;8;48944;49;0;1;0;1;0;0
262;GAGASMEDIA;SAMPLE JUDUL BUKU 23;2;2019;SAMPLE PENULIS 46;62300;8;57316;78;1;1;1;0;0;1
263;GAGASMEDIA;SAMPLE JUDUL BUKU 15;6;2019;SAMPLE PENULIS 4;20800;3;20176;76;0;0;0;1;0;1
264;GAGASMEDIA;SAMPLE JUDUL BUKU 3;5;2019;SAMPLE PENULIS 28;24700;5;23465;60;1;0;1;0;1;0
265;GAGASMEDIA;SAMPLE JUDUL BUKU 60;1;2019;SAMPLE PENULIS 29;32700;10;29430;45;0;1;0;0;0;0
266;GAGASMEDIA;SAMPLE JUDUL BUKU 10;11;2019;SAMPLE PENULIS 1;28400;7;26412;51;0;0;1;1;1;0
267;GAGASMEDIA;SAMPLE JUDUL BUKU 52;2;2019;SAMPLE PENULIS 35;56800;7;52824;89;1;1;0;1;0;0
268;GAGASMEDIA;SAMPLE JUDUL BUKU 25;6;2019;SAMPLE PENULIS 42;35800;10;32220;80;0;0;0;1;0;1
269;GAGASMEDIA;SAMPLE JUDUL BUKU 76;5;2019;SAMPLE PENULIS 30;18500;6;17390;50;1;1;1;0;1;0
270;GAGASMEDIA;SAMPLE JUDUL BUKU 66;11;2019;SAMPLE PENULIS 13;57300;8;52716;32;1;1;1;1;1;0
271;GAGASMEDIA;SAMPLE JUDUL BUKU 56;5;2019;SAMPLE PENULIS 26;48200;4;46272;40;1;1;0;0;1;1
272;GAGASMEDIA;SAMPLE JUDUL BUKU 38;7;2019;SAMPLE PENULIS 29;18000;3;17460;81;0;1;1;0;0;0
273;GAGASMEDIA;SAMPLE JUDUL BUKU 31;10;2019;SAMPLE PENULIS 15;58800;8;54096;27;1;1;1;0;0;0
274;GAGASMEDIA;SAMPLE JUDUL BUKU 100;1;2019;SAMPLE PENULIS 4;15300;5;14535;32;0;1;1;1;1;1
275;GAGASMEDIA;SAMPLE JUDUL BUKU 29;2;2019;SAMPLE PENULIS 26;33800;9;30758;65;0;1;1;1;1;0
276;GAGASMEDIA;SAMPLE JUDUL BUKU 5;10;2019;SAMPLE PENULIS 28;14100;1;13959;7;0;1;0;0;1;0
277;GAGASMEDIA;SAMPLE JUDUL BUKU 76;10;2019;SAMPLE PENULIS 25;61600;6;57904;16;1;0;0;1;0;1
278;GAGASMEDIA;SAMPLE JUDUL BUKU 51;10;2019;SAMPLE PENULIS 30;46800;5;44460;45;1;0;0;0;1;1
279;GAGASMEDIA;SAMPLE JUDUL BUKU 50;4;2019;SAMPLE PENULIS 7;45400;10;40860;13;0;1;0;1;1;0
280;GAGASMEDIA;SAMPLE JUDUL BUKU 4;5;2019;SAMPLE PENULIS 13;53100;3;51507;24;0;1;0;1;1;0
281;GAGASMEDIA;SAMPLE JUDUL BUKU 75;7;2019;SAMPLE PENULIS 25;38000;9;34580;20;1;0;1;0;1;0
282;GAGASMEDIA;SAMPLE JUDUL BUKU 77;1;2019;SAMPLE PENULIS 21;58000;7;53940;83;1;0;0;1;1;0
283;GAGASMEDIA;SAMPLE JUDUL BUKU 5;7;2019;SAMPLE PENULIS 46;32300;7;30039;50;1;1;1;0;1;0
284;GAGASMEDIA;SAMPLE JUDUL BUKU 26;6;2019;SAMPLE PENULIS 23;64000;10;57600;36;1;1;1;0;1;1
285;GAGASMEDIA;SAMPLE JUDUL BUKU 41;11;2019;SAMPLE PENULIS 35;50300;2;49294;82;0;1;0;0;0;1
286;GAGASMEDIA;SAMPLE JUDUL BUKU 47;12;2019;SAMPLE PENULIS 3;58200;1;57618;29;0;0;1;0;1;1
287;GAGASMEDIA;SAMPLE JUDUL BUKU 98;8;2019;SAMPLE PENULIS 44;21400;8;19688;18;1;1;0;1;1;1
288;GAGASMEDIA;SAMPLE JUDUL BUKU 92;8;2019;SAMPLE PENULIS 7;23100;8;21252;10;0;0;0;1;0;0
289;GAGASMEDIA;SAMPLE JUDUL BUKU 55;8;2019;SAMPLE PENULIS 41;18700;8;17204;45;1;0;1;1;0;0
290;GAGASMEDIA;SAMPLE JUDUL BUKU 39;12;2019;SAMPLE PENULIS 22;62400;1;61776;95;1;1;0;0;0;1
291;GAGASMEDIA;SAMPLE JUDUL BUKU 75;11;2019;SAMPLE PENULIS 32;51400;4;49344;50;1;0;1;0;1;0
292;GAGASMEDIA;SAMPLE JUDUL BUKU 41;5;2019;SAMPLE PENULIS 3;44300;10;39870;17;1;1;1;1;1;0
293;GAGASMEDIA;SAMPLE JUDUL BUKU 32;6;2019;SAMPLE PENULIS 6;57400;3;55678;31;1;1;1;0;0;0
294;GAGASMEDIA;SAMPLE JUDUL BUKU 79;8;2019;SAMPLE PENULIS 6;41400;1;40986;42;0;1;1;0;0;1
295;GAGASMEDIA;SAMPLE JUDUL BUKU 37;2;2019;SAMPLE PENULIS 10;13600;6;12784;58;1;1;0;0;1;0
296;GAGASMEDIA;SAMPLE JUDUL BUKU 27;3;2019;SAMPLE PENULIS 21;63000;9;57330;55;1;1;1;0;1;0
297;GAGASMEDIA;SAMPLE JUDUL BUKU 35;12;2019;SAMPLE PENULIS 10;28500;3;27645;2;1;1;0;0;0;1
298;GAGASMEDIA;SAMPLE JUDUL BUKU 89;12;2019;SAMPLE PENULIS 24;39100;3;37927;71;1;1;0;1;0;0
299;GAGASMEDIA;SAMPLE JUDUL BUKU 9;11;2019;SAMPLE PENULIS 34;50900;7;47337;31;0;0;0;1;1;0
300;GAGASMEDIA;SAMPLE JUDUL BUKU 62;10;2019;SAMPLE PENULIS 46;22200;10;19980;89;1;1;0;1;1;0
301;GAGASMEDIA;SAMPLE JUDUL BUKU 42;5;2019;SAMPLE PENULIS 30;32300;5;30685;55;0;1;0;1;0;0
302;GAGASMEDIA;SAMPLE JUDUL BUKU 46;9;2019;SAMPLE PENULIS 6;37800;9;34398;89;1;0;1;1;1;0
303;GAGASMEDIA;SAMPLE JUDUL BUKU 48;12;2019;SAMPLE PENULIS 39;58200;1;57618;15;0;1;1;1;1;1
304;GAGASMEDIA;SAMPLE JUDUL BUKU 17;3;2019;SAMPLE PENULIS 5;57900;2;56742;94;0;0;1;0;1;1
305;GAGASMEDIA;SAMPLE JUDUL BUKU 46;3;2019;SAMPLE PENULIS 21;20900;3;20273;27;1;1;1;1;0;0
306;GAGASMEDIA;SAMPLE JUDUL BUKU 26;9;2019;SAMPLE PENULIS 9;24400;9;22204;46;0;1;0;1;0;1
307;GAGASMEDIA;SAMPLE JUDUL BUKU 26;10;2019;SAMPLE PENULIS 11;39500;1;39105;26;0;1;0;1;1;0
308;GAGASMEDIA;SAMPLE JUDUL BUKU 26;5;2019;SAMPLE PENULIS 19;29200;10;26280;24;1;0;1;1;1;0
309;GAGASMEDIA;SAMPLE JUDUL BUKU 66;2;2019;SAMPLE PENULIS 7;26900;5;25555;9;1;0;1;1;0;1
310;GAGASMEDIA;SAMPLE JUDUL BUKU 13;5;2019;SAMPLE PENULIS 38;64500;1;63855;4;0;1;0;0;1;0
311;GAGASMEDIA;SAMPLE JUDUL BUKU 74;5;2019;SAMPLE PENULIS 29;14500;8;13340;49;1;0;0;1;0;1
312;GAGASMEDIA;SAMPLE JUDUL BUKU 23;7;2019;SAMPLE PENULIS 12;38600;9;35126;42;1;0;0;1;0;0
313;GAGASMEDIA;SAMPLE JUDUL BUKU 42;3;2019;SAMPLE PENULIS 40;63300;6;59502;87;1;1;0;0;1;1
314;GAGASMEDIA;SAMPLE JUDUL BUKU 47;4;2019;SAMPLE PENULIS 2;42300;9;38493;71;0;1;0;1;0;1
315;GAGASMEDIA;SAMPLE JUDUL BUKU 55;11;2019;SAMPLE PENULIS 27;32400;10;29160;5;1;1;1;1;0;1
316;GAGASMEDIA;SAMPLE JUDUL BUKU 70;3;2019;SAMPLE PENULIS 14;34400;9;31304;59;1;1;0;1;1;1
317;GAGASMEDIA;SAMPLE JUDUL BUKU 78;12;2019;SAMPLE PENULIS 36;27900;7;25947;98;1;1;0;1;0;0
318;GAGASMEDIA;SAMPLE JUDUL BUKU 11;2;2019;SAMPLE PENULIS 34;13500;4;12960;65;1;0;1;1;1;0
319;GAGASMEDIA;SAMPLE JUDUL BUKU 5;2;2019;SAMPLE PENULIS 36;13700;7;12741;81;0;1;0;0;1;1
320;GAGASMEDIA;SAMPLE JUDUL BUKU 43;10;2019;SAMPLE PENULIS 36;49300;8;45356;21;0;1;0;1;0;1
321;GAGASMEDIA;SAMPLE JUDUL BUKU 94;11;2019;SAMPLE PENULIS 10;64700;2;63406;38;0;1;1;0;0;1
322;GAGASMEDIA;SAMPLE JUDUL BUKU 45;6;2019;SAMPLE PENULIS 25;19000;9;17290;45;1;1;1;0;0;0
323;GAGASMEDIA;SAMPLE JUDUL BUKU 35;7;2019;SAMPLE PENULIS 47;63800;8;58696;83;1;1;0;1;1;1
324;GAGASMEDIA;SAMPLE JUDUL BUKU 17;9;2019;SAMPLE PENULIS 23;23600;7;21948;42;1;1;0;0;0;0
325;GAGASMEDIA;SAMPLE JUDUL BUKU 39;7;2019;SAMPLE PENULIS 44;60200;1;59598;75;1;1;1;0;0;1
326;GAGASMEDIA;SAMPLE JUDUL BUKU 55;11;2019;SAMPLE PENULIS 8;64100;2;62818;70;0;1;0;0;1;1
327;GAGASMEDIA;SAMPLE JUDUL BUKU 24;11;2019;SAMPLE PENULIS 40;28300;5;26885;45;0;0;0;0;0;1
328;GAGASMEDIA;SAMPLE JUDUL BUKU 8;2;2019;SAMPLE PENULIS 47;49500;5;47025;85;1;1;1;1;0;0
329;GAGASMEDIA;SAMPLE JUDUL BUKU 52;3;2019;SAMPLE PENULIS 32;64900;10;58410;63;0;0;0;1;1;1
330;GAGASMEDIA;SAMPLE JUDUL BUKU 24;2;2019;SAMPLE PENULIS 25;41000;9;37310;10;1;1;1;1;1;1
331;GAGASMEDIA;SAMPLE JUDUL BUKU 65;10;2019;SAMPLE PENULIS 38;58300;3;56551;81;1;0;1;1;0;0
332;GAGASMEDIA;SAMPLE JUDUL BUKU 46;6;2019;SAMPLE PENULIS 21;41000;5;38950;74;0;1;0;1;0;1
333;GAGASMEDIA;SAMPLE JUDUL BUKU 12;12;2019;SAMPLE PENULIS 15;25600;2;25088;40;0;0;1;0;0;1
334;GAGASMEDIA;SAMPLE JUDUL BUKU 48;4;2019;SAMPLE PENULIS 35;42100;5;39995;2;0;0;1;0;0;1
335;GAGASMEDIA;SAMPLE JUDUL BUKU 16;2;2019;SAMPLE PENULIS 36;62200;4;59712;52;0;1;0;0;1;0
336;GAGASMEDIA;SAMPLE JUDUL BUKU 92;12;2019;SAMPLE PENULIS 26;35400;10;31860;24;1;1;0;0;0;1
337;GAGASMEDIA;SAMPLE JUDUL BUKU 17;8;2019;SAMPLE PENULIS 47;49300;7;45849;53;1;1;1;1;0;0
338;GAGASMEDIA;SAMPLE JUDUL BUKU 34;11;2019;SAMPLE PENULIS 7;57200;6;53768;74;0;0;0;1;0;1
339;GAGASMEDIA;SAMPLE JUDUL BUKU 78;6;2019;SAMPLE PENULIS 35;60100;6;56494;25;0;0;1;1;1;0
340;GAGASMEDIA;SAMPLE JUDUL BUKU 87;6;2019;SAMPLE PENULIS 27;50600;9;46046;90;1;0;1;1;1;0
341;GAGASMEDIA;SAMPLE JUDUL BUKU 77;8;2019;SAMPLE PENULIS 26;36700;2;35966;4;0;1;0;1;0;1
342;GAGASMEDIA;SAMPLE JUDUL BUKU 39;10;2019;SAMPLE PENULIS 45;62800;2;61544;5;1;1;1;1;1;0
343;GAGASMEDIA;SAMPLE JUDUL BUKU 32;6;2019;SAMPLE PENULIS 37;41500;10;37350;12;0;1;1;0;0;1
344;GAGASMEDIA;SAMPLE JUDUL BUKU 41;9;2019;SAMPLE PENULIS 2;53900;4;51744;42;0;1;1;0;0;1
345;GAGASMEDIA;SAMPLE JUDUL BUKU 95;3;2019;SAMPLE PENULIS 9;30600;8;28152;38;1;1;1;0;1;0
346;GAGASMEDIA;SAMPLE JUDUL BUKU 49;11;2019;SAMPLE PENULIS 26;58500;3;56745;6;1;0;0;0;0;0
347;GAGASMEDIA;SAMPLE JUDUL BUKU 38;1;2019;SAMPLE PENULIS 23;35400;2;34692;30;0;0;0;0;1;1
348;GAGASMEDIA;SAMPLE JUDUL BUKU 40;9;2019;SAMPLE PENULIS 49;36800;8;33856;70;0;1;0;0;0;1
349;GAGASMEDIA;SAMPLE JUDUL BUKU 75;3;2019;SAMPLE PENULIS 25;36400;2;35672;51;1;1;1;1;0;0
350;GAGASMEDIA;SAMPLE JUDUL BUKU 62;10;2019;SAMPLE PENULIS 14;36800;9;33488;52;1;0;1;0;1;1
351;GAGASMEDIA;SAMPLE JUDUL BUKU 29;11;2019;SAMPLE PENULIS 32;12300;4;11808;98;0;0;1;0;0;0
352;GAGASMEDIA;SAMPLE JUDUL BUKU 22;5;2019;SAMPLE PENULIS 2;22600;3;21922;87;1;1;1;0;0;0
353;GAGASMEDIA;SAMPLE JUDUL BUKU 10;3;2019;SAMPLE PENULIS 48;51600;5;49020;93;1;0;0;0;0;1
354;GAGASMEDIA;SAMPLE JUDUL BUKU 96;11;2019;SAMPLE PENULIS 18;42600;2;41748;100;1;1;0;0;0;0
355;GAGASMEDIA;SAMPLE JUDUL BUKU 26;3;2019;SAMPLE PENULIS 7;59600;10;53640;6;0;1;0;1;1;1
356;GAGASMEDIA;SAMPLE JUDUL BUKU 72;8;2019;SAMPLE PENULIS 30;43100;5;40945;1;1;1;1;1;0;1
357;GAGASMEDIA;SAMPLE JUDUL BUKU 99;5;2019;SAMPLE PENULIS 10;33800;2;33124;56;0;0;1;0;0;0
358;GAGASMEDIA;SAMPLE JUDUL BUKU 89;9;2019;SAMPLE PENULIS 22;21100;9;19201;88;1;1;0;1;1;1
359;GAGASMEDIA;SAMPLE JUDUL BUKU 84;2;2019;SAMPLE PENULIS 23;54100;7;50313;21;1;0;1;1;1;1
360;GAGASMEDIA;SAMPLE JUDUL BUKU 75;10;2019;SAMPLE PENULIS 45;53700;6;50478;55;1;0;1;0;0;1
361;GAGASMEDIA;SAMPLE JUDUL BUKU 78;3;2019;SAMPLE PENULIS 1;59800;10;53820;8;0;1;1;1;1;0
362;GAGASMEDIA;SAMPLE JUDUL BUKU 59;2;2019;SAMPLE PENULIS 16;54900;8;50508;86;1;1;0;0;0;1
363;GAGASMEDIA;SAMPLE JUDUL BUKU 71;6;2019;SAMPLE PENULIS 50;64000;9;58240;9;1;0;0;1;0;1
364;GAGASMEDIA;SAMPLE JUDUL BUKU 95;6;2019;SAMPLE PENULIS 46;52300;7;48639;53;1;1;1;0;0;1
365;GAGASMEDIA;SAMPLE JUDUL BUKU 14;6;2019;SAMPLE PENULIS 29;42700;8;39284;69;0;0;1;0;0;1
366;GAGASMEDIA;SAMPLE JUDUL BUKU 27;6;2019;SAMPLE PENULIS 8;62100;1;61479;47;1;0;1;0;0;1
367;GAGASMEDIA;SAMPLE JUDUL BUKU 59;6;2019;SAMPLE PENULIS 14;46300;10;41670;16;1;1;1;0;0;1
368;GAGASMEDIA;SAMPLE JUDUL BUKU 46;9;2019;SAMPLE PENULIS 9;36300;10;32670;73;1;0;1;0;1;0
369;GAGASMEDIA;SAMPLE JUDUL BUKU 28;3;2019;SAMPLE PENULIS 23;57400;8;52808;3;1;1;0;1;1;1
370;GAGASMEDIA;SAMPLE JUDUL BUKU 10;3;2019;SAMPLE PENULIS 3;61800;4;59328;85;0;0;1;1;1;1
371;GAGASMEDIA;SAMPLE JUDUL BUKU 75;5;2019;SAMPLE PENULIS 17;54200;6;50948;12;1;1;0;0;1;1
372;GAGASMEDIA;SAMPLE JUDUL BUKU 36;4;2019;SAMPLE PENULIS 47;37700;2;36946;47;0;0;1;1;1;0
373;GAGASMEDIA;SAMPLE JUDUL BUKU 6;1;2019;SAMPLE PENULIS 43;17000;8;15640;96;0;1;1;1;1;0
374;GAGASMEDIA;SAMPLE JUDUL BUKU 63;5;2019;SAMPLE PENULIS 3;54200;5;51490;80;0;1;0;0;1;1
375;GAGASMEDIA;SAMPLE JUDUL BUKU 82;9;2019;SAMPLE PENULIS 5;38400;10;34560;75;0;0;1;0;0;1
376;GAGASMEDIA;SAMPLE JUDUL BUKU 47;3;2019;SAMPLE PENULIS 19;42700;7;39711;12;0;0;1;1;1;1
377;GAGASMEDIA;SAMPLE JUDUL BUKU 73;12;2019;SAMPLE PENULIS 48;26500;3;25705;17;1;1;0;1;1;1
378;GAGASMEDIA;SAMPLE JUDUL BUKU 45;6;2019;SAMPLE PENULIS 7;23500;2;23030;8;0;0;0;0;0;0
379;GAGASMEDIA;SAMPLE JUDUL BUKU 61;1;2019;SAMPLE PENULIS 25;34500;9;31395;1;0;1;1;1;0;0
380;GAGASMEDIA;SAMPLE JUDUL BUKU 44;5;2019;SAMPLE PENULIS 48;38300;4;36768;41;0;1;1;0;1;1
381;GAGASMEDIA;SAMPLE JUDUL BUKU 66;3;2019;SAMPLE PENULIS 38;65200;7;60636;83;0;0;1;1;0;1
382;GAGASMEDIA;SAMPLE JUDUL BUKU 95;3;2019;SAMPLE PENULIS 2;43200;10;38880;40;0;0;1;0;1;0
383;GAGASMEDIA;SAMPLE JUDUL BUKU 63;9;2019;SAMPLE PENULIS 47;31400;7;29202;87;0;1;0;0;1;0
384;GAGASMEDIA;SAMPLE JUDUL BUKU 46;8;2019;SAMPLE PENULIS 17;15300;2;14994;39;1;1;1;0;1;0
385;GAGASMEDIA;SAMPLE JUDUL BUKU 31;1;2019;SAMPLE PENULIS 22;27200;3;26384;59;0;1;1;1;0;0
386;GAGASMEDIA;SAMPLE JUDUL BUKU 23;2;2019;SAMPLE PENULIS 38;29700;9;27027;53;1;1;1;1;0;1
387;GAGASMEDIA;SAMPLE JUDUL BUKU 83;9;2019;SAMPLE PENULIS 32;23700;8;21804;13;0;1;0;0;0;0
388;GAGASMEDIA;SAMPLE JUDUL BUKU 26;3;2019;SAMPLE PENULIS 49;64100;9;58331;88;0;0;0;1;0;1
389;GAGASMEDIA;SAMPLE JUDUL BUKU 49;9;2019;SAMPLE PENULIS 11;58300;6;54802;19;0;0;1;0;0;0
390;GAGASMEDIA;SAMPLE JUDUL BUKU 97;2;2019;SAMPLE PENULIS 22;34600;1;34254;69;1;1;0;0;1;1
391;GAGASMEDIA;SAMPLE JUDUL BUKU 28;4;2019;SAMPLE PENULIS 22;13300;7;12369;74;0;1;1;1;1;1
392;GAGASMEDIA;SAMPLE JUDUL BUKU 99;1;2019;SAMPLE PENULIS 17;25800;3;25026;44;0;0;0;0;1;0
393;GAGASMEDIA;SAMPLE JUDUL BUKU 88;8;2019;SAMPLE PENULIS 1;18200;1;18018;17;1;0;0;0;1;1
394;GAGASMEDIA;SAMPLE JUDUL BUKU 82;4;2019;SAMPLE PENULIS 33;57400;3;55678;59;0;1;1;1;0;0
395;GAGASMEDIA;SAMPLE JUDUL BUKU 14;7;2019;SAMPLE PENULIS 26;38800;3;37636;48;1;0;1;1;0;0
396;GAGASMEDIA;SAMPLE JUDUL BUKU 62;3;2019;SAMPLE PENULIS 46;61000;5;57950;59;0;0;0;0;0;1
397;GAGASMEDIA;SAMPLE JUDUL BUKU 71;2;2019;SAMPLE PENULIS 47;61800;2;60564;100;1;0;1;0;0;0
398;GAGASMEDIA;SAMPLE JUDUL BUKU 90;7;2019;SAMPLE PENULIS 2;22100;7;20553;14;1;1;0;0;1;1
399;GAGASMEDIA;SAMPLE JUDUL BUKU 61;10;2019;SAMPLE PENULIS 23;60200;8;55384;30;0;0;1;0;0;0
400;GAGASMEDIA;SAMPLE JUDUL BUKU 14;4;2019;SAMPLE PENULIS 22;43300;6;40702;56;1;1;1;1;0;1
401;GAGASMEDIA;SAMPLE JUDUL BUKU 84;7;2019;SAMPLE PENULIS 8;43100;7;40083;70;1;0;0;0;0;1
402;GAGASMEDIA;SAMPLE JUDUL BUKU 70;12;2019;SAMPLE PENULIS 39;33200;3;32204;29;1;0;1;1;1;0
403;GAGASMEDIA;SAMPLE JUDUL BUKU 46;10;2019;SAMPLE PENULIS 49;15100;5;14345;72;0;1;0;1;1;0
404;GAGASMEDIA;SAMPLE JUDUL BUKU 51;1;2019;SAMPLE PENULIS 42;19200;4;18432;6;0;0;1;0;0;1
405;GAGASMEDIA;SAMPLE JUDUL BUKU 47;1;2019;SAMPLE PENULIS 17;20000;2;19600;7;0;0;1;0;1;0
406;GAGASMEDIA;SAMPLE JUDUL BUKU 95;9;2019;SAMPLE PENULIS 5;55700;1;55143;12;1;1;1;1;1;1
407;GAGASMEDIA;SAMPLE JUDUL BUKU 64;11;2019;SAMPLE PENULIS 3;52700;6;49538;42;0;0;1;1;1;0
408;GAGASMEDIA;SAMPLE JUDUL BUKU 96;11;2019;SAMPLE PENULIS 25;26500;1;26235;51;0;1;0;1;1;0
409;GAGASMEDIA;SAMPLE JUDUL BUKU 70;2;2019;SAMPLE PENULIS 2;59400;8;54648;78;1;1;1;1;1;1
410;GAGASMEDIA;SAMPLE JUDUL BUKU 11;4;2019;SAMPLE PENULIS 22;52300;7;48639;34;0;1;0;0;1;1
411;GAGASMEDIA;SAMPLE JUDUL BUKU 81;4;2019;SAMPLE PENULIS 44;59000;7;54870;88;0;1;0;1;0;1
412;GAGASMEDIA;SAMPLE JUDUL BUKU 86;6;2019;SAMPLE PENULIS 26;23400;6;21996;5;1;1;0;1;1;0
413;GAGASMEDIA;SAMPLE JUDUL BUKU 36;11;2019;SAMPLE PENULIS 17;16700;2;16366;13;0;0;1;0;0;0
414;GAGASMEDIA;SAMPLE JUDUL BUKU 94;1;2019;SAMPLE PENULIS 18;12300;2;12054;58;0;0;1;1;0;0
415;GAGASMEDIA;SAMPLE JUDUL BUKU 17;11;2019;SAMPLE PENULIS 16;57000;6;53580;64;1;0;0;0;1;0
416;GAGASMEDIA;SAMPLE JUDUL BUKU 86;1;2019;SAMPLE PENULIS 48;57700;6;54238;5;1;1;0;0;0;1
417;GAGASMEDIA;SAMPLE JUDUL BUKU 93;9;2019;SAMPLE PENULIS 8;29800;4;28608;17;0;1;0;0;1;0
418;GAGASMEDIA;SAMPLE JUDUL BUKU 45;7;2019;SAMPLE PENULIS 4;19000;7;17670;79;0;0;1;0;0;0
419;GAGASMEDIA;SAMPLE JUDUL BUKU 15;2;2019;SAMPLE PENULIS 23;21300;5;20235;63;1;0;0;1;1;0
420;GAGASMEDIA;SAMPLE JUDUL BUKU 21;1;2019;SAMPLE PENULIS 15;35900;9;32669;71;1;0;1;0;1;0
421;GAGASMEDIA;SAMPLE JUDUL BUKU 88;6;2019;SAMPLE PENULIS 20;28800;3;27936;21;0;0;1;0;1;0
422;GAGASMEDIA;SAMPLE JUDUL BUKU 83;6;2019;SAMPLE PENULIS 28;24800;9;22568;42;1;0;1;0;1;0
423;GAGASMEDIA;SAMPLE JUDUL BUKU 35;11;2019;SAMPLE PENULIS 25;43300;2;42434;95;0;0;1;1;1;0
424;GAGASMEDIA;SAMPLE JUDUL BUKU 29;6;2019;SAMPLE PENULIS 6;14400;1;14256;37;0;1;1;0;1;1
425;GAGASMEDIA;SAMPLE JUDUL BUKU 96;4;2019;SAMPLE PENULIS 6;39900;2;39102;56;1;1;0;1;0;0
426;GAGASMEDIA;SAMPLE JUDUL BUKU 43;8;2019;SAMPLE PENULIS 31;30000;9;27300;33;0;1;1;0;1;1
427;GAGASMEDIA;SAMPLE JUDUL BUKU 25;11;2019;SAMPLE PENULIS 39;51800;6;48692;29;1;1;0;0;0;1
428;GAGASMEDIA;SAMPLE JUDUL BUKU 31;2;2019;SAMPLE PENULIS 20;23000;7;21390;74;1;0;1;0;0;1
429;GAGASMEDIA;SAMPLE JUDUL BUKU 90;11;2019;SAMPLE PENULIS 17;25500;8;23460;34;1;0;1;0;1;1
430;GAGASMEDIA;SAMPLE JUDUL BUKU 10;9;2019;SAMPLE PENULIS 4;55100;4;52896;98;1;0;1;1;0;0
431;GAGASMEDIA;SAMPLE JUDUL BUKU 1;9;2019;SAMPLE PENULIS 13;53900;5;51205;43;0;1;0;0;1;1
432;GAGASMEDIA;SAMPLE JUDUL BUKU 78;9;2019;SAMPLE PENULIS 2;44700;5;42465;93;1;0;0;0;1;1
433;GAGASMEDIA;SAMPLE JUDUL BUKU 79;6;2019;SAMPLE PENULIS 40;56100;5;53295;67;1;1;1;0;0;0
434;GAGASMEDIA;SAMPLE JUDUL BUKU 95;6;2019;SAMPLE PENULIS 24;51100;6;48034;69;1;1;0;0;1;0
435;GAGASMEDIA;SAMPLE JUDUL BUKU 80;11;2019;SAMPLE PENULIS 41;28500;8;26220;89;1;1;1;1;1;1
436;GAGASMEDIA;SAMPLE JUDUL BUKU 50;2;2019;SAMPLE PENULIS 19;46800;2;45864;46;0;1;1;1;0;1
437;GAGASMEDIA;SAMPLE JUDUL BUKU 35;6;2019;SAMPLE PENULIS 18;13800;1;13662;37;0;0;1;0;0;0
438;GAGASMEDIA;SAMPLE JUDUL BUKU 68;7;2019;SAMPLE PENULIS 8;57300;9;52143;23;1;1;1;1;1;0
439;GAGASMEDIA;SAMPLE JUDUL BUKU 41;5;2019;SAMPLE PENULIS 5;51500;6;48410;92;1;1;1;1;1;0
440;GAGASMEDIA;SAMPLE JUDUL BUKU 46;10;2019;SAMPLE PENULIS 12;18800;3;18236;23;1;1;1;1;0;1
441;GAGASMEDIA;SAMPLE JUDUL BUKU 84;1;2019;SAMPLE PENULIS 9;55900;2;54782;99;1;0;1;1;0;0
442;GAGASMEDIA;SAMPLE JUDUL BUKU 66;9;2019;SAMPLE PENULIS 1;55200;6;51888;38;0;0;0;0;1;0
443;GAGASMEDIA;SAMPLE JUDUL BUKU 77;9;2019;SAMPLE PENULIS 11;21600;8;19872;99;0;0;0;0;1;0
444;GAGASMEDIA;SAMPLE JUDUL BUKU 68;5;2019;SAMPLE PENULIS 15;21200;9;19292;32;1;1;1;0;0;1
445;GAGASMEDIA;SAMPLE JUDUL BUKU 53;5;2019;SAMPLE PENULIS 17;42100;9;38311;60;0;1;1;1;1;0
446;GAGASMEDIA;SAMPLE JUDUL BUKU 10;8;2019;SAMPLE PENULIS 33;38600;9;35126;10;1;0;0;1;1;1
447;GAGASMEDIA;SAMPLE JUDUL BUKU 2;5;2019;SAMPLE PENULIS 1;58300;5;55385;86;1;0;1;1;1;1
448;GAGASMEDIA;SAMPLE JUDUL BUKU 95;1;2019;SAMPLE PENULIS 7;45300;2;44394;87;0;0;0;0;0;1
449;GAGASMEDIA;SAMPLE JUDUL BUKU 38;8;2019;SAMPLE PENULIS 22;34800;7;32364;49;0;0;1;0;1;1
450;GAGASMEDIA;SAMPLE JUDUL BUKU 91;5;2019;SAMPLE PENULIS 25;12800;5;12160;8;1;0;1;0;1;1
451;GAGASMEDIA;SAMPLE JUDUL BUKU 73;10;2019;SAMPLE PENULIS 8;62300;4;59808;60;0;0;0;0;1;1
452;GAGASMEDIA;SAMPLE JUDUL BUKU 27;3;2019;SAMPLE PENULIS 42;21800;1;21582;42;0;1;0;1;1;1
453;GAGASMEDIA;SAMPLE JUDUL BUKU 45;2;2019;SAMPLE PENULIS 46;30800;5;29260;53;0;1;0;0;1;0
454;GAGASMEDIA;SAMPLE JUDUL BUKU 36;5;2019;SAMPLE PENULIS 45;28700;7;26691;55;0;0;0;1;1;0
455;GAGASMEDIA;SAMPLE JUDUL BUKU 87;2;2019;SAMPLE PENULIS 47;44900;10;40410;30;1;1;1;1;1;1
456;GAGASMEDIA;SAMPLE JUDUL BUKU 68;3;2019;SAMPLE PENULIS 15;55500;6;52170;92;1;0;1;0;0;0
457;GAGASMEDIA;SAMPLE JUDUL BUKU 37;10;2019;SAMPLE PENULIS 38;51500;7;47895;96;0;0;0;0;0;1
458;GAGASMEDIA;SAMPLE JUDUL BUKU 87;2;2019;SAMPLE PENULIS 11;53500;8;49220;9;1;1;0;0;0;1
459;GAGASMEDIA;SAMPLE JUDUL BUKU 32;8;2019;SAMPLE PENULIS 50;15200;1;15048;59;0;0;0;1;1;0
460;GAGASMEDIA;SAMPLE JUDUL BUKU 74;11;2019;SAMPLE PENULIS 44;45800;8;42136;88;0;1;0;0;0;0
461;GAGASMEDIA;SAMPLE JUDUL BUKU 33;12;2019;SAMPLE PENULIS 5;36800;5;34960;75;0;1;0;1;0;1
462;GAGASMEDIA;SAMPLE JUDUL BUKU 33;5;2019;SAMPLE PENULIS 47;26400;9;24024;88;0;0;1;0;0;1
463;GAGASMEDIA;SAMPLE JUDUL BUKU 56;12;2019;SAMPLE PENULIS 3;21300;10;19170;50;1;1;0;1;1;0
464;GAGASMEDIA;SAMPLE JUDUL BUKU 13;2;2019;SAMPLE PENULIS 43;34600;1;34254;100;1;0;1;0;0;0
465;GAGASMEDIA;SAMPLE JUDUL BUKU 79;5;2019;SAMPLE PENULIS 48;40200;5;38190;9;1;1;0;1;0;1
466;GAGASMEDIA;SAMPLE JUDUL BUKU 55;7;2019;SAMPLE PENULIS 13;38500;9;35035;19;1;0;0;0;0;0
467;GAGASMEDIA;SAMPLE JUDUL BUKU 87;9;2019;SAMPLE PENULIS 34;15200;7;14136;40;0;1;0;0;0;1
468;GAGASMEDIA;SAMPLE JUDUL BUKU 16;1;2019;SAMPLE PENULIS 45;13600;7;12648;50;1;1;0;1;0;0
469;GAGASMEDIA;SAMPLE JUDUL BUKU 27;3;2019;SAMPLE PENULIS 10;52800;6;49632;29;1;0;0;1;1;0
470;GAGASMEDIA;SAMPLE JUDUL BUKU 26;8;2019;SAMPLE PENULIS 45;44100;8;40572;52;1;0;0;0;1;0
471;GAGASMEDIA;SAMPLE JUDUL BUKU 15;10;2019;SAMPLE PENULIS 41;49900;7;46407;7;0;0;0;1;0;1
472;GAGASMEDIA;SAMPLE JUDUL BUKU 4;8;2019;SAMPLE PENULIS 23;60200;3;58394;25;1;1;1;0;0;0
473;GAGASMEDIA;SAMPLE JUDUL BUKU 74;6;2019;SAMPLE PENULIS 41;13700;5;13015;85;0;1;0;1;0;1
474;GAGASMEDIA;SAMPLE JUDUL BUKU 44;8;2019;SAMPLE PENULIS 21;41200;6;38728;52;1;1;0;1;1;0
475;GAGASMEDIA;SAMPLE JUDUL BUKU 42;11;2019;SAMPLE PENULIS 1;49600;8;45632;48;0;0;0;0;1;1
476;GAGASMEDIA;SAMPLE JUDUL BUKU 93;3;2019;SAMPLE PENULIS 28;45900;6;43146;93;1;1;1;1;1;1
477;GAGASMEDIA;SAMPLE JUDUL BUKU 47;8;2019;SAMPLE PENULIS 46;33800;4;32448;61;0;1;1;1;0;0
478;GAGASMEDIA;SAMPLE JUDUL BUKU 97;10;2019;SAMPLE PENULIS 31;18200;8;16744;68;1;0;1;0;1;0
479;GAGASMEDIA;SAMPLE JUDUL BUKU 82;10;2019;SAMPLE PENULIS 31;47900;9;43589;80;1;0;0;1;0;0
480;GAGASMEDIA;SAMPLE JUDUL BUKU 15;10;2019;SAMPLE PENULIS 9;48800;8;44896;95;0;0;0;1;1;1
481;GAGASMEDIA;SAMPLE JUDUL BUKU 10;4;2019;SAMPLE PENULIS 38;65100;7;60543;38;1;1;1;0;0;1
482;GAGASMEDIA;SAMPLE JUDUL BUKU 23;1;2019;SAMPLE PENULIS 2;47500;2;46550;88;0;0;1;1;1;0
483;GAGASMEDIA;SAMPLE JUDUL BUKU 31;6;2019;SAMPLE PENULIS 47;46400;8;42688;50;0;1;0;0;1;1
484;GAGASMEDIA;SAMPLE JUDUL BUKU 90;7;2019;SAMPLE PENULIS 35;27500;9;25025;73;1;1;1;1;0;0
485;GAGASMEDIA;SAMPLE JUDUL BUKU 36;2;2019;SAMPLE PENULIS 7;64400;2;63112;79;0;1;1;1;1;0
486;GAGASMEDIA;SAMPLE JUDUL BUKU 15;5;2019;SAMPLE PENULIS 33;54600;3;52962;61;0;0;0;1;0;0
487;GAGASMEDIA;SAMPLE JUDUL BUKU 78;3;2019;SAMPLE PENULIS 25;49000;10;44100;37;0;1;1;0;1;1
488;GAGASMEDIA;SAMPLE JUDUL BUKU 100;2;2019;SAMPLE PENULIS 22;39200;7;36456;47;0;1;0;0;1;1
489;GAGASMEDIA;SAMPLE JUDUL BUKU 6;1;2019;SAMPLE PENULIS 26;40800;5;38760;39;0;0;0;1;1;0
490;GAGASMEDIA;SAMPLE JUDUL BUKU 15;11;2019;SAMPLE PENULIS 32;44600;8;41032;64;0;0;0;1;0;1
491;GAGASMEDIA;SAMPLE JUDUL BUKU 88;11;2019;SAMPLE PENULIS 1;15100;3;14647;18;0;1;0;0;0;0
492;GAGASMEDIA;SAMPLE JUDUL BUKU 58;9;2019;SAMPLE PENULIS 31;51600;7;47988;50;1;1;0;0;1;1
493;GAGASMEDIA;SAMPLE JUDUL BUKU 87;6;2019;SAMPLE PENULIS 5;24900;8;22908;92;1;0;0;0;1;0
494;GAGASMEDIA;SAMPLE JUDUL BUKU 57;11;2019;SAMPLE PENULIS 46;44900;2;44002;100;0;0;0;1;0;1
495;GAGASMEDIA;SAMPLE JUDUL BUKU 57;3;2019;SAMPLE PENULIS 25;55500;10;49950;86;1;1;1;1;1;0
496;GAGASMEDIA;SAMPLE JUDUL BUKU 49;8;2019;SAMPLE PENULIS 42;22900;5;21755;73;1;1;1;0;1;1
497;GAGASMEDIA;SAMPLE JUDUL BUKU 63;6;2019;SAMPLE PENULIS 11;42500;3;41225;20;1;0;1;0;0;1
498;GAGASMEDIA;SAMPLE JUDUL BUKU 19;2;2019;SAMPLE PENULIS 38;46700;6;43898;68;1;0;1;1;0;0
499;GAGASMEDIA;SAMPLE JUDUL BUKU 80;10;2019;SAMPLE PENULIS 10;23000;3;22310;36;1;0;0;1;0;1
500;GAGASMEDIA;SAMPLE JUDUL BUKU 71;12;2019;SAMPLE PENULIS 22;21500;2;21070;100;1;0;0;0;1;1
501;GAGASMEDIA;SAMPLE JUDUL BUKU 1;7;2019;SAMPLE PENULIS 36;14100;2;13818;95;1;0;1;1;1;0
502;GAGASMEDIA;SAMPLE JUDUL BUKU 49;9;2019;SAMPLE PENULIS 37;50000;10;45000;96;1;0;0;1;0;1
503;GAGASMEDIA;SAMPLE JUDUL BUKU 27;4;2019;SAMPLE PENULIS 14;57500;3;55775;53;1;0;0;1;1;0
504;GAGASMEDIA;SAMPLE JUDUL BUKU 22;4;2019;SAMPLE PENULIS 21;57400;3;55678;80;0;1;1;1;0;0
505;GAGASMEDIA;SAMPLE JUDUL BUKU 53;11;2019;SAMPLE PENULIS 41;29200;2;28616;53;1;1;0;1;0;0
506;GAGASMEDIA;SAMPLE JUDUL BUKU 88;2;2019;SAMPLE PENULIS 37;20200;9;18382;89;1;1;0;1;0;0
507;GAGASMEDIA;SAMPLE JUDUL BUKU 67;5;2019;SAMPLE PENULIS 42;48300;7;44919;81;0;0;1;1;0;1
508;GAGASMEDIA;SAMPLE JUDUL BUKU 43;6;2019;SAMPLE PENULIS 26;55400;1;54846;13;0;1;1;0;1;0
509;GAGASMEDIA;SAMPLE JUDUL BUKU 76;8;2019;SAMPLE PENULIS 7;63100;3;61207;26;1;1;1;0;1;1
510;GAGASMEDIA;SAMPLE JUDUL BUKU 26;11;2019;SAMPLE PENULIS 1;20700;9;18837;73;1;1;1;1;1;0
511;GAGASMEDIA;SAMPLE JUDUL BUKU 33;10;2019;SAMPLE PENULIS 48;55400;6;52076;63;0;0;0;0;1;0
512;GAGASMEDIA;SAMPLE JUDUL BUKU 58;12;2019;SAMPLE PENULIS 27;60100;1;59499;69;0;1;0;1;0;0
513;GAGASMEDIA;SAMPLE JUDUL BUKU 41;8;2019;SAMPLE PENULIS 44;12400;4;11904;14;1;0;1;1;0;1
514;GAGASMEDIA;SAMPLE JUDUL BUKU 9;1;2019;SAMPLE PENULIS 15;23100;2;22638;74;0;1;0;1;0;1
515;GAGASMEDIA;SAMPLE JUDUL BUKU 80;5;2019;SAMPLE PENULIS 23;38100;3;36957;66;0;0;1;0;0;1
516;GAGASMEDIA;SAMPLE JUDUL BUKU 25;10;2019;SAMPLE PENULIS 46;14500;1;14355;37;0;0;1;0;0;0
517;GAGASMEDIA;SAMPLE JUDUL BUKU 34;1;2019;SAMPLE PENULIS 45;46100;9;41951;40;1;1;1;1;1;1
518;GAGASMEDIA;SAMPLE JUDUL BUKU 89;5;2019;SAMPLE PENULIS 44;37200;6;34968;6;1;1;1;0;1;1
519;GAGASMEDIA;SAMPLE JUDUL BUKU 65;1;2019;SAMPLE PENULIS 38;34200;8;31464;90;0;0;0;0;1;0
520;GAGASMEDIA;SAMPLE JUDUL BUKU 24;5;2019;SAMPLE PENULIS 44;23900;9;21749;52;0;1;0;0;0;1
521;GAGASMEDIA;SAMPLE JUDUL BUKU 87;7;2019;SAMPLE PENULIS 24;15000;1;14850;36;0;0;0;0;0;0
522;GAGASMEDIA;SAMPLE JUDUL BUKU 77;10;2019;SAMPLE PENULIS 42;35800;7;33294;77;0;0;1;1;1;1
523;GAGASMEDIA;SAMPLE JUDUL BUKU 6;12;2019;SAMPLE PENULIS 4;21100;3;20467;20;0;0;1;0;0;0
524;GAGASMEDIA;SAMPLE JUDUL BUKU 1;12;2019;SAMPLE PENULIS 47;28800;8;26496;19;1;1;1;0;0;1
525;GAGASMEDIA;SAMPLE JUDUL BUKU 40;8;2019;SAMPLE PENULIS 24;26200;3;25414;9;0;0;0;1;0;0
526;GAGASMEDIA;SAMPLE JUDUL BUKU 81;6;2019;SAMPLE PENULIS 16;31700;5;30115;35;1;1;0;0;0;0
527;GAGASMEDIA;SAMPLE JUDUL BUKU 43;10;2019;SAMPLE PENULIS 46;47400;3;45978;68;1;1;0;1;1;0
528;GAGASMEDIA;SAMPLE JUDUL BUKU 12;4;2019;SAMPLE PENULIS 19;63200;2;61936;38;1;0;0;1;0;0
529;GAGASMEDIA;SAMPLE JUDUL BUKU 82;1;2019;SAMPLE PENULIS 15;23400;5;22230;8;0;1;0;1;1;1
530;GAGASMEDIA;SAMPLE JUDUL BUKU 8;5;2019;SAMPLE PENULIS 10;17100;10;15390;83;1;1;1;1;0;0
531;GAGASMEDIA;SAMPLE JUDUL BUKU 78;1;2019;SAMPLE PENULIS 5;30400;1;30096;90;1;1;0;1;0;0
532;GAGASMEDIA;SAMPLE JUDUL BUKU 22;12;2019;SAMPLE PENULIS 27;41000;6;38540;65;1;1;1;0;1;0
533;GAGASMEDIA;SAMPLE JUDUL BUKU 71;5;2019;SAMPLE PENULIS 22;65200;4;62592;38;1;1;1;0;1;0
534;GAGASMEDIA;SAMPLE JUDUL BUKU 100;8;2019;SAMPLE PENULIS 3;18100;7;16833;12;1;1;0;0;1;1
535;GAGASMEDIA;SAMPLE JUDUL BUKU 2;8;2019;SAMPLE PENULIS 10;54800;3;53156;75;0;1;0;0;1;0
536;GAGASMEDIA;SAMPLE JUDUL BUKU 44;12;2019;SAMPLE PENULIS 43;31100;4;29856;100;1;0;0;1;0;0
537;GAGASMEDIA;SAMPLE JUDUL BUKU 24;7;2019;SAMPLE PENULIS 17;47300;4;45408;31;0;1;0;1;1;1
538;GAGASMEDIA;SAMPLE JUDUL BUKU 47;5;2019;SAMPLE PENULIS 4;18600;3;18042;91;0;1;0;0;1;1
539;GAGASMEDIA;SAMPLE JUDUL BUKU 71;12;2019;SAMPLE PENULIS 39;35900;7;33387;13;1;0;0;0;0;0
540;GAGASMEDIA;SAMPLE JUDUL BUKU 77;8;2019;SAMPLE PENULIS 21;53000;6;49820;43;0;1;1;0;0;1
541;GAGASMEDIA;SAMPLE JUDUL BUKU 92;11;2019;SAMPLE PENULIS 15;20400;7;18972;16;1;0;0;1;1;0
542;GAGASMEDIA;SAMPLE JUDUL BUKU 82;2;2019;SAMPLE PENULIS 30;12600;8;11592;11;0;1;1;1;0;0
543;GAGASMEDIA;SAMPLE JUDUL BUKU 34;8;2019;SAMPLE PENULIS 2;61300;2;60074;35;1;1;0;1;0;0
544;GAGASMEDIA;SAMPLE JUDUL BUKU 92;11;2019;SAMPLE PENULIS 2;52200;1;51678;29;0;0;0;0;1;1
545;GAGASMEDIA;SAMPLE JUDUL BUKU 49;3;2019;SAMPLE PENULIS 9;37700;7;35061;49;1;0;1;0;1;0
546;GAGASMEDIA;SAMPLE JUDUL BUKU 81;7;2019;SAMPLE PENULIS 28;49100;3;47627;4;1;0;1;0;0;1
547;GAGASMEDIA;SAMPLE JUDUL BUKU 88;6;2019;SAMPLE PENULIS 50;51500;10;46350;83;0;1;1;0;1;1
548;GAGASMEDIA;SAMPLE JUDUL BUKU 95;4;2019;SAMPLE PENULIS 45;29900;10;26910;97;1;0;0;0;1;0
549;GAGASMEDIA;SAMPLE JUDUL BUKU 79;9;2019;SAMPLE PENULIS 8;44100;5;41895;2;1;1;1;1;0;0
550;GAGASMEDIA;SAMPLE JUDUL BUKU 43;4;2019;SAMPLE PENULIS 38;13200;1;13068;52;1;0;1;1;0;0
551;GAGASMEDIA;SAMPLE JUDUL BUKU 32;12;2019;SAMPLE PENULIS 46;19200;9;17472;70;1;1;1;0;0;1
552;GAGASMEDIA;SAMPLE JUDUL BUKU 49;6;2019;SAMPLE PENULIS 16;25700;1;25443;2;0;1;0;0;0;1
553;GAGASMEDIA;SAMPLE JUDUL BUKU 18;9;2019;SAMPLE PENULIS 4;36000;1;35640;16;0;1;1;1;0;0
554;GAGASMEDIA;SAMPLE JUDUL BUKU 5;4;2019;SAMPLE PENULIS 3;44800;1;44352;30;1;0;1;1;1;1
555;GAGASMEDIA;SAMPLE JUDUL BUKU 40;1;2019;SAMPLE PENULIS 33;17100;6;16074;89;0;0;1;0;0;1
556;GAGASMEDIA;SAMPLE JUDUL BUKU 36;9;2019;SAMPLE PENULIS 16;64400;7;59892;31;0;0;0;0;1;0
557;GAGASMEDIA;SAMPLE JUDUL BUKU 3;9;2019;SAMPLE PENULIS 16;45000;9;40950;57;0;0;1;1;1;0
558;GAGASMEDIA;SAMPLE JUDUL BUKU 36;6;2019;SAMPLE PENULIS 29;55700;6;52358;87;1;1;1;1;1;0
559;GAGASMEDIA;SAMPLE JUDUL BUKU 79;9;2019;SAMPLE PENULIS 34;64400;1;63756;87;0;0;0;0;0;1
560;GAGASMEDIA;SAMPLE JUDUL BUKU 17;11;2019;SAMPLE PENULIS 20;29200;3;28324;70;0;1;0;0;1;0
561;GAGASMEDIA;SAMPLE JUDUL BUKU 43;2;2019;SAMPLE PENULIS 18;60900;9;55419;24;1;0;1;1;1;1
562;GAGASMEDIA;SAMPLE JUDUL BUKU 39;1;2019;SAMPLE PENULIS 33;60600;1;59994;85;1;1;1;1;0;1
563;GAGASMEDIA;SAMPLE JUDUL BUKU 75;11;2019;SAMPLE PENULIS 11;14400;3;13968;79;0;0;0;0;1;1
564;GAGASMEDIA;SAMPLE JUDUL BUKU 37;5;2019;SAMPLE PENULIS 7;37500;6;35250;4;0;1;0;0;0;0
565;GAGASMEDIA;SAMPLE JUDUL BUKU 28;5;2019;SAMPLE PENULIS 18;14900;7;13857;45;1;0;0;0;1;1
566;GAGASMEDIA;SAMPLE JUDUL BUKU 58;1;2019;SAMPLE PENULIS 19;65000;7;60450;57;0;0;0;0;1;0
567;GAGASMEDIA;SAMPLE JUDUL BUKU 54;10;2019;SAMPLE PENULIS 34;27000;7;25110;9;1;0;0;1;0;0
568;GAGASMEDIA;SAMPLE JUDUL BUKU 12;4;2019;SAMPLE PENULIS 24;57200;7;53196;94;0;1;1;0;1;0
569;GAGASMEDIA;SAMPLE JUDUL BUKU 85;11;2019;SAMPLE PENULIS 17;44800;8;41216;67;0;1;0;0;0;0
570;GAGASMEDIA;SAMPLE JUDUL BUKU 74;5;2019;SAMPLE PENULIS 12;19000;5;18050;82;0;0;0;0;0;1
571;GAGASMEDIA;SAMPLE JUDUL BUKU 29;2;2019;SAMPLE PENULIS 25;15600;3;15132;42;1;0;0;1;0;1
572;GAGASMEDIA;SAMPLE JUDUL BUKU 85;5;2019;SAMPLE PENULIS 36;47100;10;42390;39;1;0;1;1;0;0
573;GAGASMEDIA;SAMPLE JUDUL BUKU 60;9;2019;SAMPLE PENULIS 42;32900;5;31255;87;1;1;1;1;0;0
574;GAGASMEDIA;SAMPLE JUDUL BUKU 50;11;2019;SAMPLE PENULIS 12;57100;3;55387;38;0;0;1;0;0;1
575;GAGASMEDIA;SAMPLE JUDUL BUKU 59;12;2019;SAMPLE PENULIS 15;19700;8;18124;88;0;0;0;1;0;0
576;GAGASMEDIA;SAMPLE JUDUL BUKU 71;3;2019;SAMPLE PENULIS 15;61800;10;55620;90;1;0;0;1;0;0
577;GAGASMEDIA;SAMPLE JUDUL BUKU 72;5;2019;SAMPLE PENULIS 22;21100;7;19623;70;0;0;0;1;0;1
578;GAGASMEDIA;SAMPLE JUDUL BUKU 38;5;2019;SAMPLE PENULIS 37;13300;1;13167;88;1;1;1;1;0;0
579;GAGASMEDIA;SAMPLE JUDUL BUKU 22;3;2019;SAMPLE PENULIS 25;54400;10;48960;92;0;1;1;0;0;0
580;GAGASMEDIA;SAMPLE JUDUL BUKU 89;9;2019;SAMPLE PENULIS 33;30300;8;27876;54;0;1;1;0;0;0
581;GAGASMEDIA;SAMPLE JUDUL BUKU 29;11;2019;SAMPLE PENULIS 37;41400;2;40572;63;0;0;0;0;0;1
582;GAGASMEDIA;SAMPLE JUDUL BUKU 66;3;2019;SAMPLE PENULIS 48;13900;2;13622;65;0;0;0;1;0;0
583;GAGASMEDIA;SAMPLE JUDUL BUKU 22;6;2019;SAMPLE PENULIS 49;13900;4;13344;23;1;1;1;0;0;1
584;GAGASMEDIA;SAMPLE JUDUL BUKU 62;6;2019;SAMPLE PENULIS 34;12700;4;12192;70;1;1;0;1;0;0
585;GAGASMEDIA;SAMPLE JUDUL BUKU 93;6;2019;SAMPLE PENULIS 47;49500;1;49005;12;0;1;1;0;0;1
586;GAGASMEDIA;SAMPLE JUDUL BUKU 72;9;2019;SAMPLE PENULIS 20;57200;9;52052;51;1;1;0;0;1;1
587;GAGASMEDIA;SAMPLE JUDUL BUKU 100;12;2019;SAMPLE PENULIS 27;17300;6;16262;76;1;1;1;0;1;0
588;GAGASMEDIA;SAMPLE JUDUL BUKU 42;11;2019;SAMPLE PENULIS 47;44900;6;42206;50;1;1;1;1;0;0
589;GAGASMEDIA;SAMPLE JUDUL BUKU 37;4;2019;SAMPLE PENULIS 31;51500;5;48925;44;0;0;1;1;1;1
590;GAGASMEDIA;SAMPLE JUDUL BUKU 8;6;2019;SAMPLE PENULIS 12;26800;8;24656;31;0;0;1;1;1;1
591;GAGASMEDIA;SAMPLE JUDUL BUKU 12;9;2019;SAMPLE PENULIS 9;36800;1;36432;18;1;1;1;1;0;0
592;GAGASMEDIA;SAMPLE JUDUL BUKU 40;2;2019;SAMPLE PENULIS 17;60000;5;57000;51;1;1;1;0;1;1
593;GAGASMEDIA;SAMPLE JUDUL BUKU 54;2;2019;SAMPLE PENULIS 7;26700;5;25365;44;0;1;1;1;0;1
594;GAGASMEDIA;SAMPLE JUDUL BUKU 82;11;2019;SAMPLE PENULIS 5;33800;10;30420;47;0;0;1;1;0;1
595;GAGASMEDIA;SAMPLE JUDUL BUKU 14;6;2019;SAMPLE PENULIS 12;48000;1;47520;33;0;1;0;1;0;0
596;GAGASMEDIA;SAMPLE JUDUL BUKU 16;3;2019;SAMPLE PENULIS 15;15100;7;14043;97;0;0;1;1;1;0
597;GAGASMEDIA;SAMPLE JUDUL BUKU 99;10;2019;SAMPLE PENULIS 35;38500;4;36960;80;0;0;0;1;0;1
598;GAGASMEDIA;SAMPLE JUDUL BUKU 99;7;2019;SAMPLE PENULIS 23;20300;4;19488;19;1;1;1;1;0;1
599;GAGASMEDIA;SAMPLE JUDUL BUKU 47;9;2019;SAMPLE PENULIS 26;58700;9;53417;22;0;0;1;0;1;0
600;GAGASMEDIA;SAMPLE JUDUL BUKU 97;2;2019;SAMPLE PENULIS 40;54900;5;52155;83;1;0;1;1;0;1
601;GAGASMEDIA;SAMPLE JUDUL BUKU 24;2;2019;SAMPLE PENULIS 34;58900;3;57133;41;1;0;0;0;1;1
602;GAGASMEDIA;SAMPLE JUDUL BUKU 47;4;2019;SAMPLE PENULIS 29;62500;1;61875;81;0;0;0;0;1;1
603;GAGASMEDIA;SAMPLE JUDUL BUKU 62;6;2019;SAMPLE PENULIS 33;19700;8;18124;65;1;0;1;0;0;1
604;GAGASMEDIA;SAMPLE JUDUL BUKU 89;9;2019;SAMPLE PENULIS 15;47800;9;43498;31;0;0;1;1;1;0
605;GAGASMEDIA;SAMPLE JUDUL BUKU 66;11;2019;SAMPLE PENULIS 32;21200;5;20140;83;0;1;0;1;0;0
606;GAGASMEDIA;SAMPLE JUDUL BUKU 31;1;2019;SAMPLE PENULIS 6;62000;6;58280;38;0;0;0;1;1;1
607;GAGASMEDIA;SAMPLE JUDUL BUKU 19;4;2019;SAMPLE PENULIS 33;29000;5;27550;25;1;0;0;1;0;1
608;GAGASMEDIA;SAMPLE JUDUL BUKU 66;9;2019;SAMPLE PENULIS 2;49400;6;46436;15;1;1;1;0;1;0
609;GAGASMEDIA;SAMPLE JUDUL BUKU 76;5;2019;SAMPLE PENULIS 30;47000;3;45590;93;0;0;0;1;1;1
610;GAGASMEDIA;SAMPLE JUDUL BUKU 79;6;2019;SAMPLE PENULIS 29;40300;2;39494;8;1;1;0;1;0;1
611;GAGASMEDIA;SAMPLE JUDUL BUKU 60;2;2019;SAMPLE PENULIS 36;59400;2;58212;26;1;1;1;0;0;1
612;GAGASMEDIA;SAMPLE JUDUL BUKU 82;4;2019;SAMPLE PENULIS 32;57900;5;55005;90;1;1;1;1;1;0
613;GAGASMEDIA;SAMPLE JUDUL BUKU 56;6;2019;SAMPLE PENULIS 2;39000;10;35100;39;1;0;1;0;0;0
614;GAGASMEDIA;SAMPLE JUDUL BUKU 64;11;2019;SAMPLE PENULIS 26;37000;5;35150;59;0;1;0;0;1;1
615;GAGASMEDIA;SAMPLE JUDUL BUKU 18;1;2019;SAMPLE PENULIS 35;34100;9;31031;49;1;0;1;1;1;1
616;GAGASMEDIA;SAMPLE JUDUL BUKU 7;7;2019;SAMPLE PENULIS 6;15100;10;13590;21;0;0;1;1;0;1
617;GAGASMEDIA;SAMPLE JUDUL BUKU 16;9;2019;SAMPLE PENULIS 34;37200;8;34224;70;1;1;0;0;1;0
618;GAGASMEDIA;SAMPLE JUDUL BUKU 30;4;2019;SAMPLE PENULIS 35;27200;9;24752;29;0;0;1;0;1;0
619;GAGASMEDIA;SAMPLE JUDUL BUKU 100;10;2019;SAMPLE PENULIS 14;52100;5;49495;54;0;0;0;1;0;0
620;GAGASMEDIA;SAMPLE JUDUL BUKU 90;2;2019;SAMPLE PENULIS 47;50900;7;47337;83;0;1;1;0;0;0
621;GAGASMEDIA;SAMPLE JUDUL BUKU 56;12;2019;SAMPLE PENULIS 22;35300;7;32829;91;1;0;1;0;0;1
622;GAGASMEDIA;SAMPLE JUDUL BUKU 11;10;2019;SAMPLE PENULIS 21;49500;10;44550;91;0;1;0;0;0;1
623;GAGASMEDIA;SAMPLE JUDUL BUKU 88;2;2019;SAMPLE PENULIS 19;23100;10;20790;55;0;1;0;0;0;0
624;GAGASMEDIA;SAMPLE JUDUL BUKU 75;12;2019;SAMPLE PENULIS 25;43500;3;42195;6;1;1;0;1;1;1
625;GAGASMEDIA;SAMPLE JUDUL BUKU 8;9;2019;SAMPLE PENULIS 22;53000;6;49820;72;0;0;1;0;1;0
626;GAGASMEDIA;SAMPLE JUDUL BUKU 2;10;2019;SAMPLE PENULIS 29;44200;9;40222;3;1;1;0;1;0;0
627;GAGASMEDIA;SAMPLE JUDUL BUKU 38;10;2019;SAMPLE PENULIS 36;56100;6;52734;48;0;1;1;0;0;0
628;GAGASMEDIA;SAMPLE JUDUL BUKU 34;4;2019;SAMPLE PENULIS 36;56800;5;53960;62;1;0;1;1;1;0
629;GAGASMEDIA;SAMPLE JUDUL BUKU 70;4;2019;SAMPLE PENULIS 1;45700;7;42501;53;1;1;1;1;1;0
630;GAGASMEDIA;SAMPLE JUDUL BUKU 74;12;2019;SAMPLE PENULIS 14;25200;3;24444;49;1;0;0;0;1;0
631;GAGASMEDIA;SAMPLE JUDUL BUKU 100;11;2019;SAMPLE PENULIS 28;28800;10;25920;83;0;1;0;1;0;1
632;GAGASMEDIA;SAMPLE JUDUL BUKU 88;6;2019;SAMPLE PENULIS 39;56500;10;50850;67;0;0;1;1;0;0
633;GAGASMEDIA;SAMPLE JUDUL BUKU 6;7;2019;SAMPLE PENULIS 11;26000;7;24180;5;0;0;1;1;1;0
634;GAGASMEDIA;SAMPLE JUDUL BUKU 60;12;2019;SAMPLE PENULIS 1;45900;7;42687;56;1;1;1;0;1;0
635;GAGASMEDIA;SAMPLE JUDUL BUKU 3;10;2019;SAMPLE PENULIS 16;43500;6;40890;88;0;1;1;1;0;1
636;GAGASMEDIA;SAMPLE JUDUL BUKU 92;5;2019;SAMPLE PENULIS 6;47900;9;43589;40;0;1;0;0;0;1
637;GAGASMEDIA;SAMPLE JUDUL BUKU 94;8;2019;SAMPLE PENULIS 41;31800;6;29892;21;0;0;1;1;1;1
638;GAGASMEDIA;SAMPLE JUDUL BUKU 15;12;2019;SAMPLE PENULIS 11;61000;1;60390;93;1;0;1;0;0;1
639;GAGASMEDIA;SAMPLE JUDUL BUKU 60;9;2019;SAMPLE PENULIS 5;27900;4;26784;65;0;0;0;1;0;1
640;GAGASMEDIA;SAMPLE JUDUL BUKU 37;6;2019;SAMPLE PENULIS 15;51500;9;46865;42;1;0;0;1;1;0
641;GAGASMEDIA;SAMPLE JUDUL BUKU 40;3;2019;SAMPLE PENULIS 33;43000;2;42140;56;0;0;0;1;1;0
642;GAGASMEDIA;SAMPLE JUDUL BUKU 7;11;2019;SAMPLE PENULIS 42;26500;1;26235;50;0;1;1;0;0;1
643;GAGASMEDIA;SAMPLE JUDUL BUKU 70;7;2019;SAMPLE PENULIS 35;43000;4;41280;93;1;1;0;0;0;1
644;GAGASMEDIA;SAMPLE JUDUL BUKU 57;12;2019;SAMPLE PENULIS 11;31500;2;30870;52;0;1;0;1;0;0
645;GAGASMEDIA;SAMPLE JUDUL BUKU 67;7;2019;SAMPLE PENULIS 22;50000;4;48000;28;1;0;0;1;0;0
646;GAGASMEDIA;SAMPLE JUDUL BUKU 6;12;2019;SAMPLE PENULIS 39;39400;5;37430;77;0;1;1;0;1;1
647;GAGASMEDIA;SAMPLE JUDUL BUKU 82;8;2019;SAMPLE PENULIS 6;27700;1;27423;9;1;0;0;1;1;1
648;GAGASMEDIA;SAMPLE JUDUL BUKU 17;3;2019;SAMPLE PENULIS 16;63800;3;61886;64;1;1;0;1;1;1
649;GAGASMEDIA;SAMPLE JUDUL BUKU 77;5;2019;SAMPLE PENULIS 47;58100;7;54033;61;0;0;1;1;0;1
650;GAGASMEDIA;SAMPLE JUDUL BUKU 91;8;2019;SAMPLE PENULIS 49;56700;3;54999;50;0;1;1;1;0;1
651;GAGASMEDIA;SAMPLE JUDUL BUKU 64;9;2019;SAMPLE PENULIS 25;61100;3;59267;16;1;0;0;1;1;1
652;GAGASMEDIA;SAMPLE JUDUL BUKU 67;10;2019;SAMPLE PENULIS 18;51400;7;47802;25;0;1;0;0;0;1
653;GAGASMEDIA;SAMPLE JUDUL BUKU 10;3;2019;SAMPLE PENULIS 39;25700;9;23387;13;0;1;1;1;1;0
654;GAGASMEDIA;SAMPLE JUDUL BUKU 47;12;2019;SAMPLE PENULIS 32;19400;8;17848;82;0;1;0;1;1;1
655;GAGASMEDIA;SAMPLE JUDUL BUKU 21;6;2019;SAMPLE PENULIS 37;41100;10;36990;21;0;0;0;0;0;0
656;GAGASMEDIA;SAMPLE JUDUL BUKU 22;11;2019;SAMPLE PENULIS 45;63300;8;58236;70;0;0;0;1;1;1
657;GAGASMEDIA;SAMPLE JUDUL BUKU 36;9;2019;SAMPLE PENULIS 38;54700;4;52512;65;0;0;1;1;0;1
658;GAGASMEDIA;SAMPLE JUDUL BUKU 47;8;2019;SAMPLE PENULIS 25;50800;1;50292;10;1;0;1;1;0;0
659;GAGASMEDIA;SAMPLE JUDUL BUKU 22;9;2019;SAMPLE PENULIS 3;61100;5;58045;92;0;0;0;0;1;0
660;GAGASMEDIA;SAMPLE JUDUL BUKU 10;10;2019;SAMPLE PENULIS 30;51900;5;49305;54;1;0;1;0;0;1
661;GAGASMEDIA;SAMPLE JUDUL BUKU 61;9;2019;SAMPLE PENULIS 1;32800;9;29848;54;0;0;1;0;1;1
662;GAGASMEDIA;SAMPLE JUDUL BUKU 95;3;2019;SAMPLE PENULIS 25;55900;5;53105;71;1;1;0;0;0;0
663;GAGASMEDIA;SAMPLE JUDUL BUKU 10;9;2019;SAMPLE PENULIS 41;61300;5;58235;64;0;0;1;1;0;1
664;GAGASMEDIA;SAMPLE JUDUL BUKU 55;1;2019;SAMPLE PENULIS 1;44700;5;42465;49;1;0;0;1;0;0
665;GAGASMEDIA;SAMPLE JUDUL BUKU 91;5;2019;SAMPLE PENULIS 44;29200;4;28032;27;1;0;1;0;1;0
666;GAGASMEDIA;SAMPLE JUDUL BUKU 83;10;2019;SAMPLE PENULIS 31;33900;6;31866;59;1;1;1;0;0;0
667;GAGASMEDIA;SAMPLE JUDUL BUKU 33;7;2019;SAMPLE PENULIS 14;22800;5;21660;51;0;0;1;0;0;0
668;GAGASMEDIA;SAMPLE JUDUL BUKU 63;12;2019;SAMPLE PENULIS 38;50600;6;47564;40;1;0;0;0;0;0
669;GAGASMEDIA;SAMPLE JUDUL BUKU 30;11;2019;SAMPLE PENULIS 13;52700;8;48484;87;1;0;0;1;0;1
670;GAGASMEDIA;SAMPLE JUDUL BUKU 3;3;2019;SAMPLE PENULIS 22;49600;1;49104;83;1;1;1;1;0;1
671;GAGASMEDIA;SAMPLE JUDUL BUKU 55;10;2019;SAMPLE PENULIS 22;41100;4;39456;48;1;1;1;1;1;0
672;GAGASMEDIA;SAMPLE JUDUL BUKU 9;9;2019;SAMPLE PENULIS 28;29500;7;27435;70;0;0;1;0;1;0
673;GAGASMEDIA;SAMPLE JUDUL BUKU 62;1;2019;SAMPLE PENULIS 12;55600;10;50040;63;1;0;0;1;0;0
674;GAGASMEDIA;SAMPLE JUDUL BUKU 74;6;2019;SAMPLE PENULIS 46;61800;6;58092;8;1;0;0;1;1;1
675;GAGASMEDIA;SAMPLE JUDUL BUKU 75;2;2019;SAMPLE PENULIS 34;31600;9;28756;53;0;1;1;1;1;0
676;GAGASMEDIA;SAMPLE JUDUL BUKU 34;2;2019;SAMPLE PENULIS 23;38800;5;36860;44;0;1;1;0;0;0
677;GAGASMEDIA;SAMPLE JUDUL BUKU 71;10;2019;SAMPLE PENULIS 24;31100;5;29545;100;0;1;1;1;1;0
678;GAGASMEDIA;SAMPLE JUDUL BUKU 95;8;2019;SAMPLE PENULIS 42;42100;2;41258;22;1;1;0;1;1;1
679;GAGASMEDIA;SAMPLE JUDUL BUKU 83;9;2019;SAMPLE PENULIS 13;30900;6;29046;100;1;1;0;0;1;0
680;GAGASMEDIA;SAMPLE JUDUL BUKU 68;9;2019;SAMPLE PENULIS 24;29700;6;27918;6;1;0;0;1;0;0
681;GAGASMEDIA;SAMPLE JUDUL BUKU 12;1;2019;SAMPLE PENULIS 31;17500;7;16275;55;1;1;0;0;1;1
682;GAGASMEDIA;SAMPLE JUDUL BUKU 88;12;2019;SAMPLE PENULIS 23;41500;3;40255;5;1;1;0;0;1;0
683;GAGASMEDIA;SAMPLE JUDUL BUKU 77;1;2019;SAMPLE PENULIS 17;44600;1;44154;36;0;1;0;0;1;0
684;GAGASMEDIA;SAMPLE JUDUL BUKU 8;7;2019;SAMPLE PENULIS 24;45800;7;42594;19;1;1;0;0;1;0
685;GAGASMEDIA;SAMPLE JUDUL BUKU 99;12;2019;SAMPLE PENULIS 36;59800;1;59202;89;0;0;1;0;0;1
686;GAGASMEDIA;SAMPLE JUDUL BUKU 8;4;2019;SAMPLE PENULIS 25;48400;3;46948;25;0;0;1;1;0;1
687;GAGASMEDIA;SAMPLE JUDUL BUKU 63;3;2019;SAMPLE PENULIS 11;19400;1;19206;76;0;0;0;0;0;1
688;GAGASMEDIA;SAMPLE JUDUL BUKU 65;9;2019;SAMPLE PENULIS 23;38300;7;35619;68;1;0;0;0;0;1
689;GAGASMEDIA;SAMPLE JUDUL BUKU 34;2;2019;SAMPLE PENULIS 7;20500;6;19270;78;1;1;0;1;0;1
690;GAGASMEDIA;SAMPLE JUDUL BUKU 55;10;2019;SAMPLE PENULIS 9;57600;4;55296;50;1;1;1;0;1;1
691;GAGASMEDIA;SAMPLE JUDUL BUKU 68;2;2019;SAMPLE PENULIS 11;23900;10;21510;48;0;0;0;0;0;1
692;GAGASMEDIA;SAMPLE JUDUL BUKU 75;4;2019;SAMPLE PENULIS 13;45800;4;43968;98;0;0;0;1;0;1
693;GAGASMEDIA;SAMPLE JUDUL BUKU 98;8;2019;SAMPLE PENULIS 25;22100;1;21879;63;0;1;0;1;0;1
694;GAGASMEDIA;SAMPLE JUDUL BUKU 40;12;2019;SAMPLE PENULIS 23;16200;2;15876;25;0;1;1;0;0;0
695;GAGASMEDIA;SAMPLE JUDUL BUKU 1;5;2019;SAMPLE PENULIS 12;56000;8;51520;52;0;1;1;1;1;1
696;GAGASMEDIA;SAMPLE JUDUL BUKU 55;2;2019;SAMPLE PENULIS 15;20000;1;19800;71;0;1;0;1;0;1
697;GAGASMEDIA;SAMPLE JUDUL BUKU 39;10;2019;SAMPLE PENULIS 44;65300;1;64647;74;1;0;1;0;0;0
698;GAGASMEDIA;SAMPLE JUDUL BUKU 42;6;2019;SAMPLE PENULIS 4;16800;8;15456;62;0;0;1;0;1;0
699;GAGASMEDIA;SAMPLE JUDUL BUKU 66;7;2019;SAMPLE PENULIS 31;55800;3;54126;66;0;1;0;1;0;1
700;GAGASMEDIA;SAMPLE JUDUL BUKU 46;4;2019;SAMPLE PENULIS 27;34000;1;33660;48;0;0;0;0;1;0
701;GAGASMEDIA;SAMPLE JUDUL BUKU 94;11;2019;SAMPLE PENULIS 12;58200;10;52380;22;1;0;0;0;1;1
702;GAGASMEDIA;SAMPLE JUDUL BUKU 37;7;2019;SAMPLE PENULIS 41;49800;7;46314;5;0;0;1;1;0;0
703;GAGASMEDIA;SAMPLE JUDUL BUKU 5;11;2019;SAMPLE PENULIS 27;57400;7;53382;50;0;1;0;0;1;1
704;GAGASMEDIA;SAMPLE JUDUL BUKU 7;6;2019;SAMPLE PENULIS 47;63700;8;58604;17;0;0;0;1;0;1
705;GAGASMEDIA;SAMPLE JUDUL BUKU 76;5;2019;SAMPLE PENULIS 49;17200;8;15824;66;0;0;1;0;1;1
706;GAGASMEDIA;SAMPLE JUDUL BUKU 14;10;2019;SAMPLE PENULIS 28;58700;3;56939;62;0;1;1;1;1;0
707;GAGASMEDIA;SAMPLE JUDUL BUKU 71;1;2019;SAMPLE PENULIS 15;34900;10;31410;22;0;0;0;0;1;0
708;GAGASMEDIA;SAMPLE JUDUL BUKU 63;2;2019;SAMPLE PENULIS 26;13800;10;12420;77;1;0;0;1;0;1
709;GAGASMEDIA;SAMPLE JUDUL BUKU 1;8;2019;SAMPLE PENULIS 47;19700;10;17730;69;0;0;0;0;0;0
710;GAGASMEDIA;SAMPLE JUDUL BUKU 45;6;2019;SAMPLE PENULIS 29;39700;9;36127;2;0;1;0;0;0;1
711;GAGASMEDIA;SAMPLE JUDUL BUKU 100;5;2019;SAMPLE PENULIS 17;64100;7;59613;1;1;0;0;0;0;0
712;GAGASMEDIA;SAMPLE JUDUL BUKU 51;3;2019;SAMPLE PENULIS 26;46600;1;46134;28;1;0;0;0;0;1
713;GAGASMEDIA;SAMPLE JUDUL BUKU 60;9;2019;SAMPLE PENULIS 27;50100;8;46092;94;0;0;0;1;1;0
714;GAGASMEDIA;SAMPLE JUDUL BUKU 11;2;2019;SAMPLE PENULIS 2;60900;3;59073;27;1;0;1;0;1;0
715;GAGASMEDIA;SAMPLE JUDUL BUKU 46;2;2019;SAMPLE PENULIS 35;59200;8;54464;97;1;1;1;0;1;1
716;GAGASMEDIA;SAMPLE JUDUL BUKU 74;1;2019;SAMPLE PENULIS 50;52000;1;51480;31;0;1;0;0;0;0
717;GAGASMEDIA;SAMPLE JUDUL BUKU 87;4;2019;SAMPLE PENULIS 27;37100;6;34874;68;0;0;1;0;0;0
718;GAGASMEDIA;SAMPLE JUDUL BUKU 98;9;2019;SAMPLE PENULIS 18;38100;6;35814;97;0;1;1;0;0;1
719;GAGASMEDIA;SAMPLE JUDUL BUKU 78;7;2019;SAMPLE PENULIS 5;17500;3;16975;32;0;1;1;0;0;0
720;GAGASMEDIA;SAMPLE JUDUL BUKU 72;8;2019;SAMPLE PENULIS 10;43100;1;42669;49;1;0;1;0;1;0
721;GAGASMEDIA;SAMPLE JUDUL BUKU 30;1;2019;SAMPLE PENULIS 37;21600;10;19440;9;1;0;1;1;0;0
722;GAGASMEDIA;SAMPLE JUDUL BUKU 77;1;2019;SAMPLE PENULIS 26;38400;6;36096;57;1;0;0;0;0;0
723;GAGASMEDIA;SAMPLE JUDUL BUKU 66;7;2019;SAMPLE PENULIS 12;28500;10;25650;27;0;1;1;0;0;0
724;GAGASMEDIA;SAMPLE JUDUL BUKU 32;7;2019;SAMPLE PENULIS 33;45700;5;43415;82;0;0;0;1;1;0
725;GAGASMEDIA;SAMPLE JUDUL BUKU 65;9;2019;SAMPLE PENULIS 3;50600;6;47564;13;0;0;0;1;1;0
726;GAGASMEDIA;SAMPLE JUDUL BUKU 26;12;2019;SAMPLE PENULIS 36;26000;9;23660;100;1;1;1;0;1;0
727;GAGASMEDIA;SAMPLE JUDUL BUKU 80;10;2019;SAMPLE PENULIS 41;45200;2;44296;75;0;0;0;1;0;1
728;GAGASMEDIA;SAMPLE JUDUL BUKU 74;5;2019;SAMPLE PENULIS 26;18300;2;17934;69;1;1;1;1;1;0
729;GAGASMEDIA;SAMPLE JUDUL BUKU 63;7;2019;SAMPLE PENULIS 30;19600;1;19404;4;0;1;0;1;0;0
730;GAGASMEDIA;SAMPLE JUDUL BUKU 48;6;2019;SAMPLE PENULIS 40;15900;2;15582;32;0;1;0;1;0;0
731;GAGASMEDIA;SAMPLE JUDUL BUKU 76;1;2019;SAMPLE PENULIS 14;59800;2;58604;11;0;1;1;1;0;0
732;GAGASMEDIA;SAMPLE JUDUL BUKU 100;2;2019;SAMPLE PENULIS 7;23400;1;23166;12;1;1;1;0;0;1
733;GAGASMEDIA;SAMPLE JUDUL BUKU 87;9;2019;SAMPLE PENULIS 18;36800;5;34960;70;1;0;1;1;0;0
734;GAGASMEDIA;SAMPLE JUDUL BUKU 10;10;2019;SAMPLE PENULIS 18;15900;4;15264;40;1;1;1;1;0;1
735;GAGASMEDIA;SAMPLE JUDUL BUKU 47;5;2019;SAMPLE PENULIS 9;18200;8;16744;90;1;1;1;1;1;0
736;GAGASMEDIA;SAMPLE JUDUL BUKU 40;1;2019;SAMPLE PENULIS 35;36600;5;34770;94;0;1;1;1;0;1
737;GAGASMEDIA;SAMPLE JUDUL BUKU 13;11;2019;SAMPLE PENULIS 26;33000;6;31020;66;1;0;0;1;1;1
738;GAGASMEDIA;SAMPLE JUDUL BUKU 17;6;2019;SAMPLE PENULIS 47;35900;3;34823;12;0;0;0;1;0;1
739;GAGASMEDIA;SAMPLE JUDUL BUKU 99;7;2019;SAMPLE PENULIS 38;32500;6;30550;93;1;1;0;0;1;0
740;GAGASMEDIA;SAMPLE JUDUL BUKU 50;11;2019;SAMPLE PENULIS 18;40600;9;36946;1;1;0;0;0;0;0
741;GAGASMEDIA;SAMPLE JUDUL BUKU 98;11;2019;SAMPLE PENULIS 23;12300;2;12054;15;1;0;0;1;1;1
742;GAGASMEDIA;SAMPLE JUDUL BUKU 5;2;2019;SAMPLE PENULIS 49;44700;5;42465;6;0;0;1;1;0;1
743;GAGASMEDIA;SAMPLE JUDUL BUKU 70;8;2019;SAMPLE PENULIS 16;18300;2;17934;23;1;1;0;1;1;0
744;GAGASMEDIA;SAMPLE JUDUL BUKU 10;4;2019;SAMPLE PENULIS 8;63000;5;59850;29;0;1;0;1;1;1
745;GAGASMEDIA;SAMPLE JUDUL BUKU 49;11;2019;SAMPLE PENULIS 14;42200;8;38824;34;1;1;1;0;0;0
746;GAGASMEDIA;SAMPLE JUDUL BUKU 28;9;2019;SAMPLE PENULIS 14;58700;6;55178;90;0;1;1;0;0;0
747;GAGASMEDIA;SAMPLE JUDUL BUKU 73;8;2019;SAMPLE PENULIS 33;25100;7;23343;60;0;0;1;1;0;0
748;GAGASMEDIA;SAMPLE JUDUL BUKU 81;5;2019;SAMPLE PENULIS 18;39300;2;38514;29;1;1;1;0;0;0
749;GAGASMEDIA;SAMPLE JUDUL BUKU 76;4;2019;SAMPLE PENULIS 17;53300;9;48503;82;0;1;0;0;0;1
750;GAGASMEDIA;SAMPLE JUDUL BUKU 47;1;2019;SAMPLE PENULIS 28;52000;4;49920;47;1;0;0;0;0;1
751;GAGASMEDIA;SAMPLE JUDUL BUKU 12;11;2019;SAMPLE PENULIS 45;42100;7;39153;82;0;1;0;1;1;1
752;GAGASMEDIA;SAMPLE JUDUL BUKU 39;11;2019;SAMPLE PENULIS 16;28900;4;27744;8;0;1;1;1;0;1
753;GAGASMEDIA;SAMPLE JUDUL BUKU 91;1;2019;SAMPLE PENULIS 26;12700;4;12192;70;0;1;0;1;0;0
754;GAGASMEDIA;SAMPLE JUDUL BUKU 94;10;2019;SAMPLE PENULIS 22;46500;4;44640;92;1;0;1;0;0;1
755;GAGASMEDIA;SAMPLE JUDUL BUKU 32;6;2019;SAMPLE PENULIS 37;32700;1;32373;4;0;0;1;0;0;0
756;GAGASMEDIA;SAMPLE JUDUL BUKU 21;2;2019;SAMPLE PENULIS 13;14800;4;14208;92;1;0;0;0;0;1
757;GAGASMEDIA;SAMPLE JUDUL BUKU 20;2;2019;SAMPLE PENULIS 37;34900;6;32806;90;0;0;1;0;0;1
758;GAGASMEDIA;SAMPLE JUDUL BUKU 63;1;2019;SAMPLE PENULIS 42;41300;6;38822;50;1;0;0;1;1;1
759;GAGASMEDIA;SAMPLE JUDUL BUKU 39;1;2019;SAMPLE PENULIS 12;23400;7;21762;91;0;0;0;1;0;1
760;GAGASMEDIA;SAMPLE JUDUL BUKU 99;2;2019;SAMPLE PENULIS 40;50100;9;45591;25;1;0;1;0;0;0
761;GAGASMEDIA;SAMPLE JUDUL BUKU 5;8;2019;SAMPLE PENULIS 13;21700;2;21266;83;0;0;0;0;0;1
762;GAGASMEDIA;SAMPLE JUDUL BUKU 66;4;2019;SAMPLE PENULIS 36;25500;9;23205;3;0;1;0;0;0;0
763;GAGASMEDIA;SAMPLE JUDUL BUKU 87;7;2019;SAMPLE PENULIS 46;36600;2;35868;79;1;1;1;1;0;1
764;GAGASMEDIA;SAMPLE JUDUL BUKU 30;6;2019;SAMPLE PENULIS 42;16900;1;16731;75;0;1;0;0;1;1
765;GAGASMEDIA;SAMPLE JUDUL BUKU 9;2;2019;SAMPLE PENULIS 15;23900;7;22227;53;0;1;1;1;0;1
766;GAGASMEDIA;SAMPLE JUDUL BUKU 33;12;2019;SAMPLE PENULIS 47;30900;7;28737;3;0;1;0;1;1;0
767;GAGASMEDIA;SAMPLE JUDUL BUKU 61;1;2019;SAMPLE PENULIS 40;27700;5;26315;65;0;1;1;0;0;1
768;GAGASMEDIA;SAMPLE JUDUL BUKU 99;1;2019;SAMPLE PENULIS 16;35100;10;31590;72;1;0;0;1;1;1
769;GAGASMEDIA;SAMPLE JUDUL BUKU 99;2;2019;SAMPLE PENULIS 34;57900;5;55005;12;0;0;0;0;0;1
770;GAGASMEDIA;SAMPLE JUDUL BUKU 66;3;2019;SAMPLE PENULIS 6;47400;8;43608;58;1;1;0;0;0;0
771;GAGASMEDIA;SAMPLE JUDUL BUKU 76;3;2019;SAMPLE PENULIS 19;27600;3;26772;8;1;1;0;1;1;0
772;GAGASMEDIA;SAMPLE JUDUL BUKU 78;4;2019;SAMPLE PENULIS 39;31900;9;29029;91;1;0;1;1;0;1
773;GAGASMEDIA;SAMPLE JUDUL BUKU 55;12;2019;SAMPLE PENULIS 28;51000;8;46920;60;1;1;0;0;0;0
774;GAGASMEDIA;SAMPLE JUDUL BUKU 3;1;2019;SAMPLE PENULIS 36;53000;10;47700;96;0;0;0;0;0;0
775;GAGASMEDIA;SAMPLE JUDUL BUKU 47;7;2019;SAMPLE PENULIS 42;38700;4;37152;42;0;0;0;0;0;1
776;GAGASMEDIA;SAMPLE JUDUL BUKU 83;7;2019;SAMPLE PENULIS 21;45900;9;41769;38;0;0;1;0;1;0
777;GAGASMEDIA;SAMPLE JUDUL BUKU 14;7;2019;SAMPLE PENULIS 9;16700;1;16533;11;1;1;0;0;1;0
778;GAGASMEDIA;SAMPLE JUDUL BUKU 58;11;2019;SAMPLE PENULIS 42;42900;1;42471;88;1;0;0;1;1;0
779;GAGASMEDIA;SAMPLE JUDUL BUKU 3;2;2019;SAMPLE PENULIS 3;50400;5;47880;1;1;0;1;1;0;1
780;GAGASMEDIA;SAMPLE JUDUL BUKU 69;1;2019;SAMPLE PENULIS 46;46200;9;42042;19;1;1;0;1;0;0
781;GAGASMEDIA;SAMPLE JUDUL BUKU 88;10;2019;SAMPLE PENULIS 33;22500;6;21150;62;1;1;1;0;0;1
782;GAGASMEDIA;SAMPLE JUDUL BUKU 51;5;2019;SAMPLE PENULIS 50;59100;2;57918;46;0;0;0;0;0;1
783;GAGASMEDIA;SAMPLE JUDUL BUKU 6;8;2019;SAMPLE PENULIS 43;62800;9;57148;65;1;1;1;0;0;1
784;GAGASMEDIA;SAMPLE JUDUL BUKU 47;10;2019;SAMPLE PENULIS 8;20100;3;19497;31;1;1;1;1;1;0
785;GAGASMEDIA;SAMPLE JUDUL BUKU 40;12;2019;SAMPLE PENULIS 42;47600;9;43316;62;1;1;0;0;1;0
786;GAGASMEDIA;SAMPLE JUDUL BUKU 23;9;2019;SAMPLE PENULIS 20;56400;7;52452;99;0;0;0;1;1;0
787;GAGASMEDIA;SAMPLE JUDUL BUKU 85;7;2019;SAMPLE PENULIS 33;58100;8;53452;13;1;1;1;0;0;1
788;GAGASMEDIA;SAMPLE JUDUL BUKU 39;3;2019;SAMPLE PENULIS 20;43100;3;41807;79;1;1;1;0;0;1
789;GAGASMEDIA;SAMPLE JUDUL BUKU 77;11;2019;SAMPLE PENULIS 45;32300;4;31008;76;1;0;1;1;1;1
790;GAGASMEDIA;SAMPLE JUDUL BUKU 74;2;2019;SAMPLE PENULIS 26;37000;3;35890;43;1;1;1;0;1;0
791;GAGASMEDIA;SAMPLE JUDUL BUKU 29;3;2019;SAMPLE PENULIS 16;63500;3;61595;55;0;1;0;1;1;1
792;GAGASMEDIA;SAMPLE JUDUL BUKU 17;12;2019;SAMPLE PENULIS 45;42300;3;41031;97;1;1;1;1;1;0
793;GAGASMEDIA;SAMPLE JUDUL BUKU 6;8;2019;SAMPLE PENULIS 17;65300;4;62688;61;1;0;1;0;0;1
794;GAGASMEDIA;SAMPLE JUDUL BUKU 68;6;2019;SAMPLE PENULIS 37;56600;5;53770;90;1;1;1;0;0;1
795;GAGASMEDIA;SAMPLE JUDUL BUKU 21;2;2019;SAMPLE PENULIS 37;24000;1;23760;51;1;1;0;0;1;1
796;GAGASMEDIA;SAMPLE JUDUL BUKU 18;6;2019;SAMPLE PENULIS 11;47700;3;46269;54;1;0;0;0;1;1
797;GAGASMEDIA;SAMPLE JUDUL BUKU 54;4;2019;SAMPLE PENULIS 37;22000;9;20020;75;1;1;1;1;0;0
798;GAGASMEDIA;SAMPLE JUDUL BUKU 97;6;2019;SAMPLE PENULIS 6;34400;6;32336;1;0;0;0;1;0;1
799;GAGASMEDIA;SAMPLE JUDUL BUKU 4;10;2019;SAMPLE PENULIS 46;37800;3;36666;47;1;1;1;1;0;0
800;GAGASMEDIA;SAMPLE JUDUL BUKU 5;10;2019;SAMPLE PENULIS 26;14100;5;13395;35;1;1;1;1;1;1
801;GAGASMEDIA;SAMPLE JUDUL BUKU 56;12;2019;SAMPLE PENULIS 30;30100;5;28595;59;0;0;0;0;0;1
802;GAGASMEDIA;SAMPLE JUDUL BUKU 30;7;2019;SAMPLE PENULIS 8;54600;7;50778;55;0;0;0;1;0;0
803;GAGASMEDIA;SAMPLE JUDUL BUKU 58;7;2019;SAMPLE PENULIS 47;31200;8;28704;17;1;1;0;0;0;1
804;GAGASMEDIA;SAMPLE JUDUL BUKU 82;12;2019;SAMPLE PENULIS 36;28800;10;25920;12;0;1;1;1;0;0
805;GAGASMEDIA;SAMPLE JUDUL BUKU 78;3;2019;SAMPLE PENULIS 34;22700;3;22019;4;1;1;0;1;0;0
806;GAGASMEDIA;SAMPLE JUDUL BUKU 96;6;2019;SAMPLE PENULIS 34;42300;5;40185;100;0;0;0;1;1;1
807;GAGASMEDIA;SAMPLE JUDUL BUKU 94;11;2019;SAMPLE PENULIS 9;16900;7;15717;98;0;0;1;0;0;0
808;GAGASMEDIA;SAMPLE JUDUL BUKU 9;1;2019;SAMPLE PENULIS 3;33000;1;32670;19;0;0;0;1;1;1
809;GAGASMEDIA;SAMPLE JUDUL BUKU 15;4;2019;SAMPLE PENULIS 49;22300;4;21408;50;1;1;1;1;1;0
810;GAGASMEDIA;SAMPLE JUDUL BUKU 97;2;2019;SAMPLE PENULIS 43;52300;1;51777;21;1;1;0;0;1;0
811;GAGASMEDIA;SAMPLE JUDUL BUKU 70;2;2019;SAMPLE PENULIS 13;45200;1;44748;88;1;0;1;1;1;0
812;GAGASMEDIA;SAMPLE JUDUL BUKU 86;11;2019;SAMPLE PENULIS 1;37600;6;35344;61;1;1;1;1;1;0
813;GAGASMEDIA;SAMPLE JUDUL BUKU 59;1;2019;SAMPLE PENULIS 28;32900;2;32242;56;0;0;1;0;0;1
814;GAGASMEDIA;SAMPLE JUDUL BUKU 8;4;2019;SAMPLE PENULIS 24;13800;1;13662;46;1;1;1;1;1;1
815;GAGASMEDIA;SAMPLE JUDUL BUKU 39;1;2019;SAMPLE PENULIS 47;35600;7;33108;81;0;0;1;0;0;1
816;GAGASMEDIA;SAMPLE JUDUL BUKU 36;7;2019;SAMPLE PENULIS 37;26700;8;24564;56;0;1;0;1;0;0
817;GAGASMEDIA;SAMPLE JUDUL BUKU 31;8;2019;SAMPLE PENULIS 31;21400;4;20544;9;1;0;1;0;0;0
818;GAGASMEDIA;SAMPLE JUDUL BUKU 98;9;2019;SAMPLE PENULIS 19;20400;4;19584;86;1;1;1;1;0;1
819;GAGASMEDIA;SAMPLE JUDUL BUKU 58;7;2019;SAMPLE PENULIS 27;64700;9;58877;5;1;1;1;1;1;1
820;GAGASMEDIA;SAMPLE JUDUL BUKU 90;3;2019;SAMPLE PENULIS 37;52200;2;51156;18;0;0;1;0;0;0
821;GAGASMEDIA;SAMPLE JUDUL BUKU 2;8;2019;SAMPLE PENULIS 47;56700;7;52731;80;0;1;1;1;1;1
822;GAGASMEDIA;SAMPLE JUDUL BUKU 45;4;2019;SAMPLE PENULIS 35;39800;3;38606;57;1;0;0;0;1;1
823;GAGASMEDIA;SAMPLE JUDUL BUKU 53;8;2019;SAMPLE PENULIS 22;55700;3;54029;72;0;0;0;0;1;1
824;GAGASMEDIA;SAMPLE JUDUL BUKU 4;10;2019;SAMPLE PENULIS 48;64200;3;62274;20;1;0;1;0;0;0
825;GAGASMEDIA;SAMPLE JUDUL BUKU 10;11;2019;SAMPLE PENULIS 43;34600;10;31140;76;0;0;0;0;1;0
826;GAGASMEDIA;SAMPLE JUDUL BUKU 68;8;2019;SAMPLE PENULIS 13;23000;5;21850;66;0;1;1;0;0;1
827;GAGASMEDIA;SAMPLE JUDUL BUKU 26;8;2019;SAMPLE PENULIS 11;17600;7;16368;65;1;1;0;1;0;0
828;GAGASMEDIA;SAMPLE JUDUL BUKU 75;6;2019;SAMPLE PENULIS 31;50000;6;47000;81;1;0;1;1;1;1
829;GAGASMEDIA;SAMPLE JUDUL BUKU 33;8;2019;SAMPLE PENULIS 17;36900;9;33579;18;1;1;0;0;1;1
830;GAGASMEDIA;SAMPLE JUDUL BUKU 60;4;2019;SAMPLE PENULIS 36;61400;8;56488;87;0;0;1;0;1;0
831;GAGASMEDIA;SAMPLE JUDUL BUKU 55;7;2019;SAMPLE PENULIS 20;58300;6;54802;67;1;1;1;1;0;1
832;GAGASMEDIA;SAMPLE JUDUL BUKU 41;1;2019;SAMPLE PENULIS 9;26400;7;24552;31;1;0;0;0;1;1
833;GAGASMEDIA;SAMPLE JUDUL BUKU 18;3;2019;SAMPLE PENULIS 48;43000;9;39130;74;0;0;0;0;1;1
834;GAGASMEDIA;SAMPLE JUDUL BUKU 15;9;2019;SAMPLE PENULIS 7;22300;2;21854;62;1;1;1;1;0;1
835;GAGASMEDIA;SAMPLE JUDUL BUKU 75;6;2019;SAMPLE PENULIS 23;54300;9;49413;81;0;0;1;1;1;0
836;GAGASMEDIA;SAMPLE JUDUL BUKU 21;2;2019;SAMPLE PENULIS 6;54700;5;51965;71;0;1;0;1;1;1
837;GAGASMEDIA;SAMPLE JUDUL BUKU 60;1;2019;SAMPLE PENULIS 15;21000;4;20160;11;0;0;1;1;0;1
838;GAGASMEDIA;SAMPLE JUDUL BUKU 13;11;2019;SAMPLE PENULIS 18;64600;6;60724;50;1;0;1;0;0;1
839;GAGASMEDIA;SAMPLE JUDUL BUKU 53;5;2019;SAMPLE PENULIS 38;20500;3;19885;35;0;1;1;0;1;0
840;GAGASMEDIA;SAMPLE JUDUL BUKU 35;8;2019;SAMPLE PENULIS 37;47200;7;43896;27;0;0;0;0;0;0
841;GAGASMEDIA;SAMPLE JUDUL BUKU 35;7;2019;SAMPLE PENULIS 48;12300;1;12177;85;0;0;0;0;1;0
842;GAGASMEDIA;SAMPLE JUDUL BUKU 94;6;2019;SAMPLE PENULIS 22;16400;2;16072;14;1;1;0;0;1;1
843;GAGASMEDIA;SAMPLE JUDUL BUKU 12;6;2019;SAMPLE PENULIS 9;61800;7;57474;50;0;0;1;0;0;0
844;GAGASMEDIA;SAMPLE JUDUL BUKU 39;9;2019;SAMPLE PENULIS 47;36600;1;36234;99;1;1;0;1;1;0
845;GAGASMEDIA;SAMPLE JUDUL BUKU 8;12;2019;SAMPLE PENULIS 17;16900;3;16393;38;0;0;0;1;1;1
846;GAGASMEDIA;SAMPLE JUDUL BUKU 79;4;2019;SAMPLE PENULIS 11;20800;3;20176;53;0;1;0;1;1;1
847;GAGASMEDIA;SAMPLE JUDUL BUKU 56;2;2019;SAMPLE PENULIS 12;63100;1;62469;92;0;0;1;1;0;0
848;GAGASMEDIA;SAMPLE JUDUL BUKU 14;2;2019;SAMPLE PENULIS 26;63300;1;62667;34;0;0;1;1;0;1
849;GAGASMEDIA;SAMPLE JUDUL BUKU 80;3;2019;SAMPLE PENULIS 11;20200;2;19796;34;1;0;0;0;0;1
850;GAGASMEDIA;SAMPLE JUDUL BUKU 27;11;2019;SAMPLE PENULIS 23;39600;3;38412;42;1;0;1;0;1;0
851;GAGASMEDIA;SAMPLE JUDUL BUKU 7;10;2019;SAMPLE PENULIS 47;34800;3;33756;37;1;1;0;0;1;1
852;GAGASMEDIA;SAMPLE JUDUL BUKU 33;3;2019;SAMPLE PENULIS 13;59700;6;56118;83;1;1;1;1;1;0
853;GAGASMEDIA;SAMPLE JUDUL BUKU 1;12;2019;SAMPLE PENULIS 31;45400;9;41314;66;0;0;1;1;0;1
854;GAGASMEDIA;SAMPLE JUDUL BUKU 28;11;2019;SAMPLE PENULIS 45;52800;1;52272;26;0;1;1;1;1;0
855;GAGASMEDIA;SAMPLE JUDUL BUKU 79;7;2019;SAMPLE PENULIS 39;17900;1;17721;90;1;1;1;0;1;0
856;GAGASMEDIA;SAMPLE JUDUL BUKU 94;2;2019;SAMPLE PENULIS 46;26900;2;26362;90;0;1;0;1;1;0
857;GAGASMEDIA;SAMPLE JUDUL BUKU 22;10;2019;SAMPLE PENULIS 7;59200;5;56240;69;0;1;0;1;0;1
858;GAGASMEDIA;SAMPLE JUDUL BUKU 83;1;2019;SAMPLE PENULIS 10;40900;7;38037;54;1;1;1;0;1;1
859;GAGASMEDIA;SAMPLE JUDUL BUKU 93;10;2019;SAMPLE PENULIS 33;32200;4;30912;79;0;0;0;1;1;0
860;GAGASMEDIA;SAMPLE JUDUL BUKU 99;5;2019;SAMPLE PENULIS 17;56100;10;50490;58;1;1;1;1;0;0
861;GAGASMEDIA;SAMPLE JUDUL BUKU 24;7;2019;SAMPLE PENULIS 22;26200;9;23842;26;0;1;0;1;0;1
862;GAGASMEDIA;SAMPLE JUDUL BUKU 17;11;2019;SAMPLE PENULIS 7;43300;2;42434;14;1;1;0;1;1;0
863;GAGASMEDIA;SAMPLE JUDUL BUKU 32;6;2019;SAMPLE PENULIS 11;44200;4;42432;68;1;1;1;1;1;1
864;GAGASMEDIA;SAMPLE JUDUL BUKU 52;9;2019;SAMPLE PENULIS 50;53400;5;50730;21;0;1;0;0;1;0
865;GAGASMEDIA;SAMPLE JUDUL BUKU 79;12;2019;SAMPLE PENULIS 7;14900;9;13559;72;1;1;0;0;0;0
866;GAGASMEDIA;SAMPLE JUDUL BUKU 3;2;2019;SAMPLE PENULIS 6;64100;5;60895;68;0;1;0;0;1;1
867;GAGASMEDIA;SAMPLE JUDUL BUKU 65;12;2019;SAMPLE PENULIS 47;45600;10;41040;49;0;1;0;0;0;0
868;GAGASMEDIA;SAMPLE JUDUL BUKU 50;3;2019;SAMPLE PENULIS 46;42400;10;38160;74;1;1;0;0;0;0
869;GAGASMEDIA;SAMPLE JUDUL BUKU 42;12;2019;SAMPLE PENULIS 48;39100;1;38709;77;0;1;0;1;0;1
870;GAGASMEDIA;SAMPLE JUDUL BUKU 17;11;2019;SAMPLE PENULIS 43;38700;5;36765;27;1;0;0;0;1;1
871;GAGASMEDIA;SAMPLE JUDUL BUKU 61;7;2019;SAMPLE PENULIS 32;56000;5;53200;56;0;0;0;1;0;0
872;GAGASMEDIA;SAMPLE JUDUL BUKU 9;5;2019;SAMPLE PENULIS 17;65100;3;63147;100;1;0;0;1;0;0
873;GAGASMEDIA;SAMPLE JUDUL BUKU 34;4;2019;SAMPLE PENULIS 10;29300;8;26956;95;1;1;1;1;1;1
874;GAGASMEDIA;SAMPLE JUDUL BUKU 41;5;2019;SAMPLE PENULIS 2;20300;1;20097;30;0;1;0;0;0;0
875;GAGASMEDIA;SAMPLE JUDUL BUKU 15;12;2019;SAMPLE PENULIS 12;22400;3;21728;56;1;0;1;1;1;1
876;GAGASMEDIA;SAMPLE JUDUL BUKU 72;12;2019;SAMPLE PENULIS 9;12400;3;12028;85;0;1;0;1;1;0
877;GAGASMEDIA;SAMPLE JUDUL BUKU 66;3;2019;SAMPLE PENULIS 47;24600;3;23862;15;1;0;0;0;0;1
878;GAGASMEDIA;SAMPLE JUDUL BUKU 57;8;2019;SAMPLE PENULIS 29;64000;5;60800;15;0;0;1;1;0;1
879;GAGASMEDIA;SAMPLE JUDUL BUKU 46;6;2019;SAMPLE PENULIS 5;57400;6;53956;12;0;1;1;0;0;1
880;GAGASMEDIA;SAMPLE JUDUL BUKU 51;5;2019;SAMPLE PENULIS 41;20600;2;20188;29;0;0;1;1;0;0
881;GAGASMEDIA;SAMPLE JUDUL BUKU 100;9;2019;SAMPLE PENULIS 31;41100;9;37401;41;1;1;1;1;0;1
882;GAGASMEDIA;SAMPLE JUDUL BUKU 28;4;2019;SAMPLE PENULIS 5;17700;1;17523;32;0;1;1;0;1;0
883;GAGASMEDIA;SAMPLE JUDUL BUKU 18;4;2019;SAMPLE PENULIS 22;52100;10;46890;94;1;0;0;1;0;0
884;GAGASMEDIA;SAMPLE JUDUL BUKU 12;2;2019;SAMPLE PENULIS 3;32700;3;31719;61;1;0;0;0;0;0
885;GAGASMEDIA;SAMPLE JUDUL BUKU 78;12;2019;SAMPLE PENULIS 1;13000;9;11830;91;0;1;0;1;1;1
886;GAGASMEDIA;SAMPLE JUDUL BUKU 31;6;2019;SAMPLE PENULIS 44;51400;8;47288;61;1;0;1;0;1;1
887;GAGASMEDIA;SAMPLE JUDUL BUKU 63;10;2019;SAMPLE PENULIS 35;53100;3;51507;38;0;0;1;1;0;0
888;GAGASMEDIA;SAMPLE JUDUL BUKU 62;12;2019;SAMPLE PENULIS 2;45900;2;44982;11;0;1;1;0;1;0
889;GAGASMEDIA;SAMPLE JUDUL BUKU 60;11;2019;SAMPLE PENULIS 4;39500;7;36735;66;1;0;1;0;0;0
890;GAGASMEDIA;SAMPLE JUDUL BUKU 63;2;2019;SAMPLE PENULIS 45;23100;2;22638;8;0;1;0;1;0;1
891;GAGASMEDIA;SAMPLE JUDUL BUKU 50;3;2019;SAMPLE PENULIS 45;64700;8;59524;23;1;0;1;0;0;0
892;GAGASMEDIA;SAMPLE JUDUL BUKU 100;11;2019;SAMPLE PENULIS 23;16800;4;16128;10;1;0;0;0;0;0
893;GAGASMEDIA;SAMPLE JUDUL BUKU 21;9;2019;SAMPLE PENULIS 44;20300;6;19082;9;1;0;1;0;1;1
894;GAGASMEDIA;SAMPLE JUDUL BUKU 89;5;2019;SAMPLE PENULIS 26;36000;4;34560;85;1;0;1;0;0;1
895;GAGASMEDIA;SAMPLE JUDUL BUKU 6;10;2019;SAMPLE PENULIS 28;51900;2;50862;53;1;0;1;1;1;0
896;GAGASMEDIA;SAMPLE JUDUL BUKU 62;1;2019;SAMPLE PENULIS 28;34700;5;32965;20;0;0;0;0;1;1
897;GAGASMEDIA;SAMPLE JUDUL BUKU 1;6;2019;SAMPLE PENULIS 43;30700;7;28551;21;1;0;1;0;1;0
898;GAGASMEDIA;SAMPLE JUDUL BUKU 87;1;2019;SAMPLE PENULIS 8;50300;9;45773;26;1;0;1;1;0;1
899;GAGASMEDIA;SAMPLE JUDUL BUKU 63;11;2019;SAMPLE PENULIS 11;44600;7;41478;80;0;1;1;0;0;1
900;GAGASMEDIA;SAMPLE JUDUL BUKU 73;2;2019;SAMPLE PENULIS 42;18500;6;17390;52;1;0;1;0;1;1
901;GAGASMEDIA;SAMPLE JUDUL BUKU 83;5;2019;SAMPLE PENULIS 38;19200;7;17856;78;0;0;1;1;1;1
902;GAGASMEDIA;SAMPLE JUDUL BUKU 9;8;2019;SAMPLE PENULIS 21;38200;8;35144;99;1;1;0;1;1;1
903;GAGASMEDIA;SAMPLE JUDUL BUKU 74;8;2019;SAMPLE PENULIS 43;47000;4;45120;94;1;0;1;1;0;0
904;GAGASMEDIA;SAMPLE JUDUL BUKU 78;8;2019;SAMPLE PENULIS 22;13700;3;13289;15;0;0;1;0;1;0
905;GAGASMEDIA;SAMPLE JUDUL BUKU 25;2;2019;SAMPLE PENULIS 40;35400;6;33276;93;0;1;1;0;1;0
906;GAGASMEDIA;SAMPLE JUDUL BUKU 31;10;2019;SAMPLE PENULIS 12;52100;6;48974;89;0;1;1;0;0;0
907;GAGASMEDIA;SAMPLE JUDUL BUKU 88;7;2019;SAMPLE PENULIS 17;57100;10;51390;73;1;0;1;0;0;0
908;GAGASMEDIA;SAMPLE JUDUL BUKU 68;10;2019;SAMPLE PENULIS 5;25500;8;23460;62;0;0;1;0;1;1
909;GAGASMEDIA;SAMPLE JUDUL BUKU 16;10;2019;SAMPLE PENULIS 28;33800;6;31772;48;0;1;1;1;1;0
910;GAGASMEDIA;SAMPLE JUDUL BUKU 63;7;2019;SAMPLE PENULIS 36;20600;10;18540;51;1;1;1;1;0;1
911;GAGASMEDIA;SAMPLE JUDUL BUKU 75;1;2019;SAMPLE PENULIS 10;46800;2;45864;62;0;1;0;0;0;0
912;GAGASMEDIA;SAMPLE JUDUL BUKU 30;8;2019;SAMPLE PENULIS 1;49400;7;45942;47;0;1;0;1;1;0
913;GAGASMEDIA;SAMPLE JUDUL BUKU 95;5;2019;SAMPLE PENULIS 29;16700;2;16366;11;1;0;0;0;0;0
914;GAGASMEDIA;SAMPLE JUDUL BUKU 51;5;2019;SAMPLE PENULIS 6;26500;8;24380;96;0;1;0;1;0;0
915;GAGASMEDIA;SAMPLE JUDUL BUKU 46;7;2019;SAMPLE PENULIS 47;34500;8;31740;3;0;0;1;1;1;0
916;GAGASMEDIA;SAMPLE JUDUL BUKU 12;12;2019;SAMPLE PENULIS 21;34300;10;30870;56;0;0;0;0;0;1
917;GAGASMEDIA;SAMPLE JUDUL BUKU 18;6;2019;SAMPLE PENULIS 1;30600;8;28152;69;1;0;0;1;0;0
918;GAGASMEDIA;SAMPLE JUDUL BUKU 29;10;2019;SAMPLE PENULIS 8;18200;4;17472;14;0;1;0;1;1;1
919;GAGASMEDIA;SAMPLE JUDUL BUKU 3;1;2019;SAMPLE PENULIS 9;19500;6;18330;54;1;1;1;0;0;0
920;GAGASMEDIA;SAMPLE JUDUL BUKU 45;7;2019;SAMPLE PENULIS 4;47700;2;46746;96;1;1;0;1;1;1
921;GAGASMEDIA;SAMPLE JUDUL BUKU 50;4;2019;SAMPLE PENULIS 16;41400;6;38916;43;0;0;0;1;0;0
922;GAGASMEDIA;SAMPLE JUDUL BUKU 91;3;2019;SAMPLE PENULIS 45;44300;4;42528;8;0;0;1;1;0;1
923;GAGASMEDIA;SAMPLE JUDUL BUKU 27;11;2019;SAMPLE PENULIS 42;40600;2;39788;31;1;1;0;0;1;1
924;GAGASMEDIA;SAMPLE JUDUL BUKU 78;3;2019;SAMPLE PENULIS 38;26200;2;25676;12;0;1;0;1;0;1
925;GAGASMEDIA;SAMPLE JUDUL BUKU 23;1;2019;SAMPLE PENULIS 46;34700;9;31577;62;0;1;1;0;0;0
926;GAGASMEDIA;SAMPLE JUDUL BUKU 92;7;2019;SAMPLE PENULIS 48;26500;2;25970;60;0;0;1;1;0;0
927;GAGASMEDIA;SAMPLE JUDUL BUKU 64;10;2019;SAMPLE PENULIS 47;12600;3;12222;78;1;1;1;1;1;1
928;GAGASMEDIA;SAMPLE JUDUL BUKU 78;2;2019;SAMPLE PENULIS 17;48000;9;43680;30;1;0;1;1;0;1
929;GAGASMEDIA;SAMPLE JUDUL BUKU 90;4;2019;SAMPLE PENULIS 20;54200;5;51490;10;0;0;1;1;0;1
930;GAGASMEDIA;SAMPLE JUDUL BUKU 28;5;2019;SAMPLE PENULIS 19;63400;3;61498;10;0;0;1;0;0;1
931;GAGASMEDIA;SAMPLE JUDUL BUKU 65;12;2019;SAMPLE PENULIS 31;27400;7;25482;99;0;0;0;1;0;1
932;GAGASMEDIA;SAMPLE JUDUL BUKU 42;1;2019;SAMPLE PENULIS 24;48000;1;47520;82;1;1;0;0;1;0
933;GAGASMEDIA;SAMPLE JUDUL BUKU 12;2;2019;SAMPLE PENULIS 5;19100;7;17763;95;0;1;0;1;0;1
934;GAGASMEDIA;SAMPLE JUDUL BUKU 34;9;2019;SAMPLE PENULIS 36;29400;6;27636;84;1;0;0;0;1;1
935;GAGASMEDIA;SAMPLE JUDUL BUKU 93;4;2019;SAMPLE PENULIS 42;47900;3;46463;23;1;0;1;1;0;0
936;GAGASMEDIA;SAMPLE JUDUL BUKU 42;11;2019;SAMPLE PENULIS 17;51200;1;50688;69;0;0;0;1;1;0
937;GAGASMEDIA;SAMPLE JUDUL BUKU 41;3;2019;SAMPLE PENULIS 19;21400;7;19902;95;1;0;0;1;1;0
938;GAGASMEDIA;SAMPLE JUDUL BUKU 37;6;2019;SAMPLE PENULIS 3;23300;9;21203;97;0;1;0;1;1;0
939;GAGASMEDIA;SAMPLE JUDUL BUKU 90;4;2019;SAMPLE PENULIS 34;19500;6;18330;7;0;1;1;0;1;1
940;GAGASMEDIA;SAMPLE JUDUL BUKU 65;11;2019;SAMPLE PENULIS 16;51800;1;51282;34;0;0;1;1;0;1
941;GAGASMEDIA;SAMPLE JUDUL BUKU 26;10;2019;SAMPLE PENULIS 31;14500;8;13340;24;0;0;1;0;1;0
942;GAGASMEDIA;SAMPLE JUDUL BUKU 99;5;2019;SAMPLE PENULIS 10;61100;10;54990;99;0;1;1;1;0;0
943;GAGASMEDIA;SAMPLE JUDUL BUKU 71;11;2019;SAMPLE PENULIS 20;41100;9;37401;52;0;0;0;0;1;1
944;GAGASMEDIA;SAMPLE JUDUL BUKU 29;8;2019;SAMPLE PENULIS 42;24300;5;23085;45;0;0;1;0;1;1
945;GAGASMEDIA;SAMPLE JUDUL BUKU 83;6;2019;SAMPLE PENULIS 14;39900;9;36309;43;1;0;0;0;1;0
946;GAGASMEDIA;SAMPLE JUDUL BUKU 12;2;2019;SAMPLE PENULIS 47;36100;9;32851;39;1;1;0;0;1;1
947;GAGASMEDIA;SAMPLE JUDUL BUKU 48;9;2019;SAMPLE PENULIS 28;48600;10;43740;7;1;1;1;0;0;0
948;GAGASMEDIA;SAMPLE JUDUL BUKU 20;12;2019;SAMPLE PENULIS 39;40500;4;38880;17;0;0;1;1;0;1
949;GAGASMEDIA;SAMPLE JUDUL BUKU 27;1;2019;SAMPLE PENULIS 20;49000;9;44590;63;0;0;0;1;0;1
950;GAGASMEDIA;SAMPLE JUDUL BUKU 86;3;2019;SAMPLE PENULIS 18;23600;7;21948;16;0;0;1;1;0;0
951;GAGASMEDIA;SAMPLE JUDUL BUKU 81;11;2019;SAMPLE PENULIS 35;58300;10;52470;52;0;0;0;1;1;0
952;GAGASMEDIA;SAMPLE JUDUL BUKU 79;11;2019;SAMPLE PENULIS 19;28800;1;28512;33;1;1;0;0;1;1
953;GAGASMEDIA;SAMPLE JUDUL BUKU 71;5;2019;SAMPLE PENULIS 3;46900;3;45493;93;1;1;0;0;0;0
954;GAGASMEDIA;SAMPLE JUDUL BUKU 73;8;2019;SAMPLE PENULIS 31;49100;7;45663;63;0;0;0;1;1;1
955;GAGASMEDIA;SAMPLE JUDUL BUKU 67;5;2019;SAMPLE PENULIS 17;36000;9;32760;4;0;0;1;0;1;1
956;GAGASMEDIA;SAMPLE JUDUL BUKU 62;8;2019;SAMPLE PENULIS 33;13900;8;12788;8;0;1;0;0;0;0
957;GAGASMEDIA;SAMPLE JUDUL BUKU 14;5;2019;SAMPLE PENULIS 20;30500;10;27450;9;0;0;1;1;0;1
958;GAGASMEDIA;SAMPLE JUDUL BUKU 80;12;2019;SAMPLE PENULIS 26;18200;4;17472;30;1;0;1;0;1;1
959;GAGASMEDIA;SAMPLE JUDUL BUKU 54;10;2019;SAMPLE PENULIS 4;51400;5;48830;87;0;1;1;0;1;1
960;GAGASMEDIA;SAMPLE JUDUL BUKU 82;5;2019;SAMPLE PENULIS 42;37200;3;36084;44;1;0;1;1;1;1
961;GAGASMEDIA;SAMPLE JUDUL BUKU 26;1;2019;SAMPLE PENULIS 25;53100;4;50976;85;0;0;0;1;0;1
962;GAGASMEDIA;SAMPLE JUDUL BUKU 100;11;2019;SAMPLE PENULIS 23;19200;5;18240;56;0;1;0;1;0;1
963;GAGASMEDIA;SAMPLE JUDUL BUKU 27;12;2019;SAMPLE PENULIS 11;15800;10;14220;39;0;1;0;1;1;0
964;GAGASMEDIA;SAMPLE JUDUL BUKU 71;10;2019;SAMPLE PENULIS 31;13900;9;12649;11;1;1;1;1;1;0
965;GAGASMEDIA;SAMPLE JUDUL BUKU 5;9;2019;SAMPLE PENULIS 12;20900;4;20064;24;0;1;1;0;1;1
966;GAGASMEDIA;SAMPLE JUDUL BUKU 88;11;2019;SAMPLE PENULIS 30;23300;7;21669;64;1;1;1;0;0;1
967;GAGASMEDIA;SAMPLE JUDUL BUKU 83;10;2019;SAMPLE PENULIS 19;63200;8;58144;29;1;0;0;1;0;0
968;GAGASMEDIA;SAMPLE JUDUL BUKU 2;5;2019;SAMPLE PENULIS 6;23300;8;21436;65;1;0;0;1;1;1
969;GAGASMEDIA;SAMPLE JUDUL BUKU 91;11;2019;SAMPLE PENULIS 25;19300;8;17756;64;1;1;0;1;1;1
970;GAGASMEDIA;SAMPLE JUDUL BUKU 93;12;2019;SAMPLE PENULIS 34;47400;7;44082;26;1;1;0;0;1;1
971;GAGASMEDIA;SAMPLE JUDUL BUKU 92;2;2019;SAMPLE PENULIS 12;49100;4;47136;89;0;0;1;1;0;1
972;GAGASMEDIA;SAMPLE JUDUL BUKU 37;8;2019;SAMPLE PENULIS 14;18700;3;18139;83;0;0;1;0;1;1
973;GAGASMEDIA;SAMPLE JUDUL BUKU 75;9;2019;SAMPLE PENULIS 37;58900;8;54188;22;1;1;0;0;0;0
974;GAGASMEDIA;SAMPLE JUDUL BUKU 31;2;2019;SAMPLE PENULIS 16;17200;4;16512;95;0;1;1;0;0;0
975;GAGASMEDIA;SAMPLE JUDUL BUKU 75;1;2019;SAMPLE PENULIS 25;20600;1;20394;40;1;1;0;0;0;0
976;GAGASMEDIA;SAMPLE JUDUL BUKU 11;2;2019;SAMPLE PENULIS 29;36200;8;33304;6;1;0;1;0;1;0
977;GAGASMEDIA;SAMPLE JUDUL BUKU 33;2;2019;SAMPLE PENULIS 11;50100;1;49599;33;0;1;0;1;1;0
978;GAGASMEDIA;SAMPLE JUDUL BUKU 35;3;2019;SAMPLE PENULIS 33;43200;2;42336;1;1;1;1;0;1;1
979;GAGASMEDIA;SAMPLE JUDUL BUKU 73;9;2019;SAMPLE PENULIS 47;15200;9;13832;57;1;0;0;0;1;0
980;GAGASMEDIA;SAMPLE JUDUL BUKU 50;9;2019;SAMPLE PENULIS 17;64300;10;57870;28;1;1;1;1;1;1
981;GAGASMEDIA;SAMPLE JUDUL BUKU 62;12;2019;SAMPLE PENULIS 40;46200;1;45738;53;1;1;0;0;0;0
982;GAGASMEDIA;SAMPLE JUDUL BUKU 53;9;2019;SAMPLE PENULIS 22;35500;3;34435;14;1;1;1;0;1;1
983;GAGASMEDIA;SAMPLE JUDUL BUKU 88;1;2019;SAMPLE PENULIS 47;45800;7;42594;67;1;0;0;0;0;1
984;GAGASMEDIA;SAMPLE JUDUL BUKU 80;9;2019;SAMPLE PENULIS 8;39000;7;36270;55;1;1;0;0;1;0
985;GAGASMEDIA;SAMPLE JUDUL BUKU 39;4;2019;SAMPLE PENULIS 26;59800;6;56212;33;1;1;1;1;0;1
986;GAGASMEDIA;SAMPLE JUDUL BUKU 70;5;2019;SAMPLE PENULIS 42;45200;5;42940;15;0;1;1;1;1;0
987;GAGASMEDIA;SAMPLE JUDUL BUKU 57;11;2019;SAMPLE PENULIS 13;28400;2;27832;67;1;1;0;0;0;1
988;GAGASMEDIA;SAMPLE JUDUL BUKU 43;5;2019;SAMPLE PENULIS 13;39300;3;38121;93;1;1;0;1;1;1
989;GAGASMEDIA;SAMPLE JUDUL BUKU 96;8;2019;SAMPLE PENULIS 50;22100;1;21879;34;0;0;0;0;0;0
990;GAGASMEDIA;SAMPLE JUDUL BUKU 57;2;2019;SAMPLE PENULIS 20;63500;10;57150;13;0;1;0;0;1;0
991;GAGASMEDIA;SAMPLE JUDUL BUKU 24;3;2019;SAMPLE PENULIS 17;35300;3;34241;75;0;0;0;1;0;0
992;GAGASMEDIA;SAMPLE JUDUL BUKU 5;3;2019;SAMPLE PENULIS 16;31200;8;28704;58;0;0;0;0;0;0
993;GAGASMEDIA;SAMPLE JUDUL BUKU 32;7;2019;SAMPLE PENULIS 2;44100;1;43659;92;1;0;1;0;0;1
994;GAGASMEDIA;SAMPLE JUDUL BUKU 90;7;2019;SAMPLE PENULIS 35;48900;4;46944;46;1;1;1;0;1;1
995;GAGASMEDIA;SAMPLE JUDUL BUKU 39;9;2019;SAMPLE PENULIS 16;18600;6;17484;22;1;1;0;0;1;0
996;GAGASMEDIA;SAMPLE JUDUL BUKU 15;12;2019;SAMPLE PENULIS 35;24700;7;22971;99;0;0;1;1;1;1
997;GAGASMEDIA;SAMPLE JUDUL BUKU 87;3;2019;SAMPLE PENULIS 46;29300;5;27835;4;1;0;0;0;0;0
998;GAGASMEDIA;SAMPLE JUDUL BUKU 76;2;2019;SAMPLE PENULIS 8;22600;3;21922;30;1;0;0;0;1;1
999;GAGASMEDIA;SAMPLE JUDUL BUKU 92;5;2019;SAMPLE PENULIS 12;57100;10;51390;1;0;0;1;0;1;0
1000;GAGASMEDIA;SAMPLE JUDUL BUKU 84;9;2019;SAMPLE PENULIS 10;17600;8;16192;10;1;1;0;1;1;0
